cycle no,p[0],p[1],p[2],p[3],p[4],p[5],p[6],p[7],p[8],p[9],p[10],p[11],p[12],p[13],p[14],p[15],p[16],p[17],p[18],p[19],Ptree0d[58],Ptree0d[61],Ptree0d[63],Ptree0d[65],Ptree0d[67],Ptree0d[70],Ptree0d[74],Ptree0d[75],Ptree0d[78],Ptree0d[79],Ptree0d[80],Ptree0d[81],Ptree0d[82],Ptree0d[83],Ptree0d[14],Ptree0d[26],Ptree0d[28],Ptree0d[30],Ptree0d[32],Ptree0d[8],Ptree0d[19],Ptree0d[22],Ptree0d[43],Ptree0d[44],Ptree0d[45],Ptree0d[46],Ptree0d[23],Ptree0d[24],Ptree0d[36],Ptree0d[51],Ptree0d[37],Ptree0d[52],Ptree0d[41],Ptree0d[42],Ptree0d[54],Ptree0d[55]
1,0.9802114869982311,8.478147446852109,14.150278254119431,10.899004437603,7.428463265852007,6.887238749528096,41.39527705544968,99.36946236078215,0.9863439156491876,0.9833316440841605,1.158619829538367,4.138277259924641,25.208235547542007,0.9583196964893809,0.9372745636076381,1.0047250196326198,3.985596775494404,26.69242607895067,7.01563268066287,6.970828016274718,79.59903116217703,79.20325239946555,78.16997065844484,77.82550431923893,77.40469400685676,77.57012173650206,71.5588290320458,71.4911467862266,71.44342962508875,71.37642194413597,75.94786236473782,75.84993315104661,75.89179704294179,75.79420933774414,85.65237373431201,86.91296553309263,83.08974704537951,83.08329641252979,92.1397611815303,64.77275490793573,64.78531866384631,91.58592812750966,87.93070096393106,72.2987111056926,72.3169713716642,87.968514018128,83.74523704328743,85.93213460120677,82.79514952494935,82.79514952494935,76.98935989460877,76.98935989460877,76.60426233181708,74.4565109213172,76.60426233181708,74.4565109213172
2,1.1269681331555577,5.240332329800562,10.089179643203053,8.349544288853592,6.286980178148794,5.901939692845133,42.80827220190874,99.15712628577526,1.1300818479569101,1.1357183586372765,1.574173196864777,4.2742323475573665,22.40159062178606,1.1408306826865926,1.148266084798121,1.4615864768858922,4.734127741716315,26.876183003506767,6.054669663270258,6.003052655943528,73.5284024129404,72.82039126078263,71.36718883388811,70.7565172982084,70.00648435213049,70.35597764190817,59.085283700933715,58.975910946813784,58.878844132630945,58.77022415745925,67.51834601689997,67.36958106994587,67.4206958635508,67.27231572377104,83.10601559594804,84.670687602046,79.8075427509332,79.80049023102659,90.91039879787984,51.07146544764661,51.09254191452205,90.27354835621696,84.57776433792135,62.829634662272795,62.85850712087411,84.62581899710416,80.67810011758755,83.46492120581772,79.52529653862288,79.52529653862288,71.54126008169793,71.54126008169793,70.90881784833144,67.4579906993957,70.90881784833144,67.4579906993957
3,1.4140681890130131,5.1090910545186325,9.293804511901005,7.442955812430306,5.398952062391803,5.042802140246989,39.813542809090734,95.26219257569808,1.4189751192707847,1.4257792828280127,1.8170297879572024,4.018694641899312,18.49498984031192,1.4325895589131115,1.442405949706221,1.7974503334349197,4.753660162026865,24.4213803560176,5.1641417730712655,5.123096223582146,72.17943481761424,70.87476450085519,70.2371543494138,69.80626706820976,69.27040272963987,69.60311121444403,56.07913659868436,55.977237164008116,55.85643689896868,55.75498563238179,65.43825303191096,65.30695221869146,65.33542170628323,65.20438001008124,81.14746371874305,82.54036037548963,78.2015499526949,78.19510893064003,88.01132163746239,49.51039600529011,49.52849299356502,87.45647921529583,81.77101422585744,61.33317280437766,61.35657987579735,81.80554996384923,78.95874974496019,81.4433983949154,77.90914961778715,77.90914961778715,70.46963479420138,70.46963479420138,69.69781296502565,66.26396581685404,69.69781296502565,66.26396581685404
4,1.614169472486082,5.351747535325221,9.125878167755967,7.038416462107651,4.837801195381436,4.493934666110428,37.58180853131429,91.27627865123198,1.6206721073709078,1.6289561679915634,1.9954048642709412,4.089302682500029,18.113497742247116,1.634755309257519,1.6454459383811788,2.0372823790619945,4.857076739893487,23.74509550806407,4.5765795004423,4.548591673810603,70.75796061290606,68.7728516186944,69.03847110075944,69.01133571947474,68.1389581478651,68.60741711325623,54.17647418832914,54.082328854609244,53.959593320644515,53.86584282892127,63.37182267733862,63.25201158945329,63.2727879931444,63.15320829742976,78.29757893991825,79.58163099418695,75.60067040829244,75.59483317861499,84.60653384751431,48.31799702227275,48.33527003205162,84.09414662724019,78.7027343654271,59.61595339693428,59.63783889907457,78.73464708830537,76.28458575661176,78.56401049867907,75.30383896814963,75.30383896814963,68.41017936564717,68.41017936564717,67.6502243162601,64.42459530659085,67.6502243162601,64.42459530659085
5,1.7529284750584975,5.538832739060306,9.07130902849326,6.81503806561214,4.487431249159839,4.149952461695629,35.76596088556734,88.43206284326818,1.7603873017872906,1.7694933557727706,2.1220437750030166,4.017008269526067,16.592687918356148,1.7734414866910906,1.7836354188191113,2.170478779614514,4.6116925799626305,20.67745148756864,4.20601818474771,4.187006847840007,68.22391694134538,66.08372317594102,66.57315184808634,66.604254692816,65.8402101656401,66.29786505161358,53.7608870893088,53.665779023761594,53.54705816040892,53.45237266174455,62.78756032404193,62.66680562064493,62.691394037977574,62.57087686493221,76.7717306673715,77.93625335272678,74.33182467561699,74.32610717112136,82.4523846662095,49.09607894798169,49.11382801537799,81.997761002084,77.0637414963624,59.733782103162376,59.7560473994473,77.09631630173592,74.91610580983976,76.97477029219125,74.035278018814,74.035278018814,67.61043075787097,67.61043075787097,66.63508433737654,63.49335991806908,66.63508433737654,63.49335991806908
6,1.8354741007553916,5.642902903353105,9.02133310695511,6.665716261416204,4.2630208783824015,3.9317029099773078,34.86088584518559,86.8723932620176,1.843195955035853,1.852587772582085,2.2012963983475897,4.05854318630334,16.47227076956662,1.857698971115786,1.8692666553011505,2.2685101268183536,4.626227972000256,20.390835272505797,3.9687174587377316,3.956167635272963,66.89374262177125,64.72993249273325,65.22610228322102,65.22849871982737,64.58455633386666,65.0235844376246,53.79941872184675,53.702019866020066,53.5936512299412,53.496631610407356,62.55732547651129,62.43517835852264,62.46516822084385,62.3432458231398,75.73503900192185,76.83429270982477,73.4440488901597,73.4385716226031,81.12116297174688,49.79713349666094,49.81584261995358,80.68729586967889,76.06237459990612,59.84708421383176,59.869830042419906,76.09372668212221,73.98188369647214,75.91895372073925,73.14479474248125,73.14479474248125,67.07300369388638,67.07300369388638,66.06182584454105,63.03205401594777,66.06182584454105,63.03205401594777
7,1.8806052219139717,5.709670527342832,8.999405987291746,6.5738705961085255,4.1175722594996875,3.7895584246305503,34.16289826855577,86.46441245250456,1.889100386926975,1.8991892078331316,2.243332975649611,3.9860615744263783,15.549603514990363,1.9018320931516828,1.9124147621451812,2.2958165207446424,4.347030238433673,17.77730667500238,3.8147729596763282,3.806211510635314,65.8971800045518,63.69188771891729,64.17966112898803,64.1521795053633,63.565725722182975,64.00473735416935,54.9483908246025,54.844143089938605,54.744018745539826,54.64017641366426,63.68134151830988,63.55140829104431,63.59036124525111,63.46066350073295,76.25250665139363,77.27315239945682,74.12595306352087,74.12051690532314,81.21472018932661,51.83614886689501,51.8565919997092,80.821603363711,76.53099722367455,61.48034441112649,61.50498873845072,76.56517380514907,74.59969242448845,76.39354932922589,73.83419691816854,73.83419691816854,68.04778003615883,68.04778003615883,66.85303536942634,63.83639244908979,66.85303536942634,63.83639244908979
8,1.890768108029257,5.7207601937191015,8.954980460526325,6.499192078566631,4.02211675887741,3.6989169188433393,34.147823548198,87.11523971683809,1.8992470639070125,1.9093807969574748,2.255529856893542,4.0086333619788315,15.717538753424142,1.9132034710355914,1.9249584191562294,2.3137016225637304,4.338008874393189,17.86457548296112,3.7147866559034295,3.7094040059576874,66.14162445044705,63.96590111323599,64.34940627126834,64.26111639666634,63.733035001412524,64.15945029716505,56.53891073703445,56.428401850486964,56.3412679400285,56.23110789815711,65.16858004191195,65.03299252190715,65.08004866033887,64.94468304354383,77.1672145441782,78.14654332884672,75.13610007815946,75.13082187036059,81.95933396951868,53.976930546012674,53.99908462471551,81.57582035923006,77.52151314733744,63.21891968789634,63.244830240288856,77.55523036173575,75.58247980288039,77.30008948155816,74.84165602448608,74.84165602448608,69.29457070839231,69.29457070839231,68.07157507149999,65.11628898385064,68.07157507149999,65.11628898385064
9,1.8830222166893356,5.716164162066452,8.925861520175284,6.450093035509734,3.9602430966386812,3.639988608528209,34.14747930317166,88.47276077021878,1.8919050437171423,1.9023715188861017,2.2444643730117457,3.906062350136294,14.905456162683922,1.9043134910950932,1.9150630075728947,2.2870933490981606,4.08604636712979,15.848343027694686,3.6506358093296285,3.6470162527067753,66.70307843083263,64.56101875535697,64.89638468967485,64.78579117958934,64.28663531351751,64.70063162960092,58.803077398484284,58.686242437421775,58.60735574307071,58.490851287527065,67.50020214547152,67.35847465797974,67.4119674191446,67.27045824051814,79.16827339852412,80.09715820647214,77.24007356722507,77.2348185612697,83.67904976646038,56.84420172462469,56.867791317864636,83.32347687327439,79.46551535179923,65.86807360746367,65.89532316505172,79.50100104310589,77.64884781442841,79.27571775562522,76.95549068124417,76.95549068124417,71.58642785183093,71.58642785183093,70.23968670897364,67.27905968170555,70.23968670897364,67.27905968170555
10,1.8538746089184504,5.6752057069966915,8.873373467627472,6.401818932517015,3.9199302160103193,3.6042762640275594,34.62496675064856,90.50334932276998,1.8627483348693936,1.873271338631724,2.2182137271600384,3.9141815328483136,15.236351092978031,1.8759378636688746,1.8875431166626124,2.2620627837405207,4.0648337857635,16.101035164737098,3.610219847193458,3.6082049365645608,68.1683196803214,66.0520498507419,66.32410573717833,66.18977067252624,65.68114466913616,66.09040092517384,61.37297713828549,61.249838605391965,61.183647627696885,61.0607881487499,70.06577478699927,69.91839627829675,69.97895578969242,69.83178369948314,81.35227169401733,82.25354513352237,79.48948852689117,79.4843866320487,85.75490944235415,59.821370747024844,59.846680065838676,85.40345971048029,81.71535707344262,68.59637225193534,68.62499209069223,81.75089415954025,79.88249863216362,81.4584471447325,79.20303192351338,79.20303192351338,74.00704326008807,74.00704326008807,72.65039035244797,69.73139616683042,72.65039035244797,69.73139616683042
11,1.8188358774536872,5.631381917306208,8.83350059981888,6.367625165181888,3.894889618116575,3.5824267638104867,35.01450510376555,92.86517601408504,1.8278112466970684,1.8383664291327755,2.1785438214994937,3.7941824124090657,14.473003834288818,1.839885617993635,1.8506411432597194,2.210557864596377,3.8553134241886604,14.622317273210196,3.586127471389113,3.5848672827326626,69.71376569391029,67.70338717759849,67.90040198804085,67.75791742978637,67.27159778545536,67.6510150626163,64.2727530124152,64.1457148320578,64.08683514177845,63.96002721909038,73.05612828246325,72.90606676189029,72.9693565146995,72.81948635714265,84.15724626992781,85.02595811499788,82.35995007318601,82.3548731381647,88.37330729209658,63.12321192489703,63.14928799869468,88.0406160821926,84.46641500381158,71.7758252623732,71.80488976997161,84.50231807388121,82.7318075332558,84.24964827639715,82.0829001281117,82.0829001281117,77.00689047610885,77.00689047610885,75.57804183252935,72.65623678657242,75.57804183252935,72.65623678657242
12,1.7712575928523333,5.564929303121416,8.775360642304962,6.330099848124973,3.8793710020491075,3.5714100230188235,35.71952901029669,95.57670626443317,1.7802726568331222,1.7909248049176623,2.133384653069654,3.791356237133003,14.854873626241996,1.7927470498878346,1.804068237913303,2.1650347383011463,3.827302981559113,14.915062035304162,3.572739703387498,3.5722911785945035,71.84270966401469,69.87384633897399,70.03132539847752,69.88733676683268,69.36720112457338,69.73799217900152,67.31823556044029,67.18649215858689,67.13896682548238,67.00741806102837,76.13223566448939,75.97809312622854,76.04636508995563,75.89240598755089,86.97243984703609,87.82199381056111,85.22203478624054,85.21711482992953,91.11415758743902,66.45458733833935,66.48202898769964,90.78298359692789,87.33207694864106,74.95060305120465,74.98081715301694,87.3683212833882,85.58499382002725,87.06726975617731,84.94389779486094,84.94389779486094,79.99818002682538,79.99818002682538,78.5753670851824,75.68801052397532,78.5753670851824,75.68801052397532
13,1.7247997241790562,5.5028035567356035,8.72892581554812,6.301773400056494,3.8709728551399234,3.566386922676651,36.29317615771274,98.34965969634727,1.733712840170697,1.7441994294298255,2.0814752883662035,3.6702666690814745,14.168856868049476,1.7455028342800738,1.7561868927581414,2.105706284123501,3.665061758038564,13.90448175382946,3.566837898157891,3.5666830392384523,73.87147136810214,72.04984161947344,72.11997376677374,71.97982665366618,71.47627767326884,71.80698186678629,70.41819233241684,70.28517671308906,70.24364225324656,70.11076273720643,79.30970168983201,79.15602632646835,79.22388977135262,79.07037763589211,90.0376248212117,90.86657784488803,88.32872339303653,88.3238299900289,94.05940087995214,69.81688516426412,69.84443718117892,93.74014626769758,90.35766692600399,78.23579377664554,78.26569515572143,90.3931963728985,88.68047214791308,90.12602994367853,88.05780954060292,88.05780954060292,83.19617641308498,83.19617641308498,81.73805551734038,78.85467338487308,81.73805551734038,78.85467338487308
14,1.6720581058278272,5.428244516499018,8.6704540602826,6.270154163310451,3.8666321573574067,3.5662632669187406,37.053836871353774,101.22151696757547,1.6810462354769002,1.6916515587114667,2.0302859737618877,3.6602634612505827,14.532433129696608,1.6929600939580793,1.7039706455788746,2.0538288249335217,3.636096826048466,14.182395543852978,3.5655814840667475,3.5658162953886268,76.22277294587634,74.4606773837075,74.50187515482489,74.3731575728935,73.8305715005866,74.1465716122168,73.50856152574747,73.37290010283584,73.34067831715114,73.20513586170517,82.43487971575979,82.27903336238687,82.34968425714813,82.1939977816293,92.98444264766604,93.80038698280086,91.30874775523354,91.3040050102619,96.95470737027637,73.09781451911998,73.12626172385421,96.63566266454113,93.34187823702005,81.41627777906689,81.44698895897766,93.37785582761707,91.65591078977634,93.07699275201064,91.03706446215106,91.03706446215106,86.2713695305517,86.2713695305517,84.8288727499737,81.97455876890118,84.8288727499737,81.97455876890118
15,1.624544200266229,5.361982244129914,8.622890631964278,6.245302149007815,3.8655263706023506,3.5684577149494734,37.67199931956223,103.95912247451953,1.6333205656057235,1.6436615135059387,1.9774325012862497,3.5533440637943343,13.976929230365881,1.6449063580220729,1.6554944476991,1.9974107591822519,3.523037449349252,13.583668387487066,3.5675240352389372,3.5678413424173123,78.3574309861627,76.74605028458014,76.7096106735881,76.59621895701785,76.05872517412574,76.33428398066971,76.43176133407088,76.29690324368673,76.26911939406948,76.1343274149661,85.4126266488792,85.25935109855897,85.32753249618585,85.1743969006974,95.89457276536523,96.69869092510125,94.24331097641983,94.23859238214798,99.7953691917307,76.18173735357132,76.20981515289579,99.48290902466066,96.22995092529914,84.44909294733839,84.47901890384003,96.26460517832419,94.58550717414566,95.98535197574647,93.97578326372988,93.97578326372988,89.26613677095325,89.26613677095325,87.81225134116187,84.9659533880556,87.81225134116187,84.9659533880556
16,1.5754854071882678,5.291352867322947,8.569512573736766,6.218765256576795,3.8659188869694723,3.5725238062934963,38.373536753014385,106.60303180432334,1.584350411317869,1.5948091503257293,1.9291845438074084,3.5407250870990414,14.286639778973719,1.5958781114572653,1.6066042437507555,1.948561310031409,3.4985363449029325,13.825582034149836,3.5711490614870565,3.5716195510202806,80.59734675969278,79.05144140861489,78.99678024115063,78.90446453662524,78.32780553713124,78.58605108600692,79.20952887838143,79.07386387763637,79.05293321648284,78.91733247010615,88.2210303166514,88.0672110294658,88.13632377786637,87.98264488362713,98.59054058719869,99.38672557086996,96.96089237716029,96.95630517092759,102.45850844945733,79.0758385901141,79.10437119515699,102.14553764716574,98.9525903928869,87.28357614571308,87.31397148764552,98.98767232571147,97.30143768920476,98.68599429405573,96.69246516459013,96.69246516459013,92.04709439463646,92.04709439463646,90.61215540294279,87.78759093340136,90.61215540294279,87.78759093340136
17,1.5339099714735918,5.230986094006224,8.526020168763015,6.197544875287698,3.8676047569213456,3.577141305671739,38.93918031695491,108.97321021512272,1.5425275265129819,1.5527010838399575,1.8832475646856968,3.459343977778431,13.903909305852645,1.5539975985106709,1.5644969977241396,1.9019931255371707,3.4341486185092958,13.58489980622132,3.5757968990440974,3.5762553897340927,82.5542826764313,81.1351497380954,81.0275773516829,80.96074783407511,80.37466216664761,80.59935773267102,81.6514302240255,81.5178276493505,81.49971755582817,81.36613939768623,90.69778888289012,90.5475015193664,90.61317152737345,90.4630082163971,101.03609497627822,101.82735633962382,99.4175822755373,99.41301330829643,104.87469464887651,81.60098764180412,81.62889114248584,104.56406556466015,101.3916436899412,89.77964733224486,89.80907117228298,101.42521704497119,99.75732837104204,101.13277085764742,99.15005174974077,99.15005174974077,94.53539596658116,94.53539596658116,93.10338192730883,90.28675995367591,93.10338192730883,90.28675995367591
18,1.49436807821611,5.172658140085012,8.482376187785375,6.176701491289799,3.869605346847214,3.582034774139098,39.505899902856115,111.11073040382779,1.5030714824479978,1.513346630011226,1.8440775456334582,3.448364985093005,14.144227468098107,1.514374769577091,1.5248697033063952,1.8623348475462371,3.417882806974445,13.781589682199165,3.580647433186761,3.5811223784243245,84.43820599604608,83.07530314958007,82.96482813211858,82.92712998908559,82.30173041870627,82.51113935351306,83.84553662836367,83.71245580742475,83.6986138288302,83.56556507065321,92.91998277115218,92.77028462053718,92.83551853948222,92.68594719380155,103.20415523714489,103.99186381641155,101.5969435883269,101.5924767701121,107.0264619155028,83.8530895459819,83.8811010920103,106.71490107458311,103.57692367012744,92.00781936859956,92.0374248180085,103.6108293404557,101.93714495510054,103.30530141844031,101.32817087116763,101.32817087116763,96.74794281562372,96.74794281562372,95.33351036804409,92.52929088627265,95.33351036804409,92.52929088627265
19,1.4631357249120265,5.125032540276401,8.447226910999618,6.160073288980344,3.8719046945611195,3.58664793270539,39.9546039621329,112.89070556308522,1.4716069485716987,1.4816285598110641,1.809990519972813,3.3982543165610006,13.94801391408448,1.483044504454012,1.4934797568638924,1.8296358519481775,3.398151577877542,13.834254791318227,3.58540363829518,3.5858293776097243,86.01327796836014,84.73973060339125,84.60548313060383,84.60014713000557,83.95282481553679,84.13901490341847,85.5990802784919,85.46854979171702,85.45599361797119,85.3254697219962,94.6958284099826,94.5497071908441,94.61138251060964,94.46537669444805,104.98246270555838,105.77072790702584,103.37571776453863,103.3712611853232,108.80707766682436,85.62907439765033,85.6563891607397,108.4945850984452,105.35996038628174,93.77760817315102,93.8062755478611,105.39247365242548,103.71800112858486,105.08669860327896,103.10499132138227,103.10499132138227,98.53236632054006,98.53236632054006,97.1285881043662,94.32922711499641,97.1285881043662,94.32922711499641
20,1.4363432583182723,5.084078084049584,8.416482450434042,6.1456985389761565,3.8740169971677876,3.590717554157647,40.3440629286356,114.35624151820414,1.4448881534681755,1.4549879810776662,1.7833878175570208,3.3916793995954038,14.113839302358874,1.4561057373939579,1.4664367238486211,1.8025932756138154,3.391519293339298,13.979396495252393,3.58965343642962,3.5900185270970635,87.38381916638713,86.14680689169724,86.02682283131303,86.0557182870948,85.3697732388624,85.54580967072201,87.04988966628908,86.92065975444518,86.90992692417987,86.780715336773,96.17528480078012,96.03039651768994,96.09076065939426,95.94599140147899,106.4588537113894,107.24719293664177,104.8545605514195,104.85017201296644,110.28127791658954,87.09198392270046,87.11916842852382,109.96764805619058,106.84477714521763,95.24908987937204,95.2777224921536,106.87749695373238,105.1987623430042,106.56687881193909,104.58231041860657,104.58231041860657,100.01760087828931,100.01760087828931,98.62725464073931,95.83054061470463,98.62725464073931,95.83054061470463
21,1.4174176863527947,5.052892308379318,8.392410231806998,6.134493252487126,3.8759329704341914,3.594177657676049,40.64159583073106,115.4425310522866,1.4257769996603205,1.4356851423780925,1.7632386977995502,3.3725190060698593,14.086046151499625,1.437246393248652,1.4476461851589786,1.785000196780061,3.407854011441722,14.24085175712204,3.5932793439452295,3.593588309394886,88.45520751111118,87.26819990164326,87.14924833520834,87.21218019762242,86.49775035176614,86.6612045571146,88.03348299612459,87.90670309657004,87.89594743816752,87.76917310152707,97.17421439302318,97.032346300393,97.08961568475145,96.94786021325744,107.48844852696006,108.28131482719641,105.87665982895207,105.87227337914803,111.33588747643745,88.05138192954159,88.07794005000657,111.01909201243727,107.8854044675347,96.2243502166647,96.25221812208498,107.9170274284919,106.22479082145504,107.60051322966733,105.60051876820806,105.60051876820806,101.02444691012383,101.02444691012383,99.64807885931609,96.85208639263786,99.64807885931609,96.85208639263786
22,1.4040559940079866,5.030925453780313,8.375656342203962,6.126799087538664,3.8775063594941517,3.5967458427654178,40.84402041551422,116.19469178082682,1.4124721068100963,1.422433245662429,1.7500178721997526,3.3710803280215105,14.178605974221975,1.4237126988966236,1.4339509358409606,1.7713503310365475,3.40975607010539,14.32984315473776,3.5961313528625616,3.5963434408376926,89.24893136961605,88.07653521535997,87.98464346394013,88.08164843919559,87.3329442744358,87.49204465346493,88.71544448649423,88.59026514698711,88.57929963180983,88.45413782160517,97.88543737904232,97.74503405274157,97.80057586741881,97.6602886153448,108.23587796076563,109.0314262867966,106.61982113542275,106.6154691863498,112.09156168662842,88.71107452856444,88.7373677222597,111.77363590309002,108.63335062056451,96.91862958433477,96.94632369478627,108.66505924031513,106.97068360128375,108.35073851342553,106.34213758383254,106.34213758383254,101.753417938585,101.753417938585,100.38529310017401,97.58383098278682,100.38529310017401,97.58383098278682
23,1.3970181383559743,5.0166063900837585,8.363378287548144,6.121175752895741,3.878671405497074,3.598662656623643,40.98595025327995,116.60948360955042,1.405311019593015,1.415154677441078,1.7431542702753577,3.3771682902404594,14.274751800189499,1.4168471075406606,1.4272342040304102,1.7674140849545918,3.4492609443272864,14.697816232508773,3.598187260114529,3.5983528325092347,89.78669018774893,88.6303706997859,88.55516058707535,88.68178923839281,87.90560839701115,88.06106773065974,88.98554752337027,88.86233482215034,88.85040017688036,88.72720232566796,98.16598271912933,98.02772319786604,98.08097789114856,97.94283235028867,108.56422571123214,109.36646276738104,106.93603610467342,106.93167995034806,112.45718867874957,88.92585167533326,88.95167238826558,112.13502183628547,108.97455316452077,97.1655947629454,97.1927676686051,109.005541050142,107.291617731658,108.68321714337196,106.65373646449648,106.65373646449648,102.04147574406652,102.04147574406652,100.68758636038439,97.88350283120889,100.68758636038439,97.88350283120889
24,1.3953859789774354,5.011804072274459,8.359352394889642,6.119454341431678,3.8795097495249022,3.5996519120800166,41.02270892413485,116.73042490796074,1.4037166158121681,1.4135891359185193,1.7416389932577738,3.3798001079816613,14.301532369354435,1.415051744335419,1.4252623684472658,1.7654944720940628,3.456717817149735,14.730876414529805,3.5994753411329694,3.599538308792991,90.03841510214845,88.87908508757057,88.8349808592261,88.9893256472359,88.18824726958633,88.34397234802185,89.00769445755759,88.88600573509093,88.87246456785006,88.75080075566368,98.21435885455335,98.07747142267262,98.12899770847939,97.99222696687265,108.67099920394111,109.47726275222418,107.03461221159785,107.03026231986543,112.57786905849453,88.90410391224701,88.92961639613404,112.25478421128403,109.07569017413446,97.19300484720216,97.21994135290272,109.10667085974158,107.39304905613284,108.79163595102067,106.75106856359359,106.75106856359359,102.11391908905999,102.11391908905999,100.76339553900051,97.9490311704325,100.76339553900051,97.9490311704325
25,1.3977949337725695,5.011746377879871,8.357475370691834,6.118695383877444,3.8799006552704136,3.600112653272617,41.031650363484005,116.60721491455907,1.4060666683896255,1.415893064319535,1.7451424921118421,3.401846922441583,14.462782523023224,1.4176744085009019,1.4280620837669957,1.7716265227498886,3.5046043205935233,15.10230579370767,3.600024234142113,3.6000582413988935,90.10569586758992,88.9385277525955,88.91622556501827,89.09080143420131,88.26955644630993,88.42778908365638,88.73796719597277,88.61757476237393,88.60258123437116,88.48221804382541,97.94980983455757,97.81410818965882,97.86428804528958,97.72870418687138,108.45708056574874,109.27028862163515,106.8075644962321,106.8032070289935,112.40275858408141,88.56596073431204,88.5911883663264,112.07548822240271,108.87315519154885,96.89331354750651,96.91998386043377,108.90379204062519,107.17044643860325,108.58117777623008,106.51984289189528,106.51984289189528,101.8552004040314,101.8552004040314,100.5168616845389,97.69832018736781,100.5168616845389,97.69832018736781
26,1.4044241004300353,5.019551078475262,8.362900291342234,6.121364398441295,3.8800524699210763,3.599811090433425,40.94840885012824,116.2751307433389,1.412714502289341,1.422548850225872,1.7518358542368266,3.406532235705279,14.438402664166272,1.42417575196361,1.4344091242991899,1.7779920837391487,3.514007177138632,15.087892497130781,3.5999731715640912,3.5999207710183603,89.93661476161758,88.75650610433695,88.76027383642392,88.9517539565695,88.11822551119643,88.27931826077719,88.3083636187299,88.1891646638531,88.1719206037668,88.05275805039696,97.53872398727128,97.4040806415568,97.45285619524613,97.31833240147724,108.10791829903157,108.92524034615532,106.4492039448956,106.44483299051824,112.06834713194172,88.08496988776605,88.10991818481044,111.74051075732363,108.51487858393213,96.46217140229115,96.48860918673942,108.54545312102111,106.81445498718773,108.2325435035905,106.16074894536985,106.16074894536985,101.46792451479813,101.46792451479813,100.12918885499164,97.29933658518317,100.12918885499164,97.29933658518317
27,1.412645712052771,5.02907408380791,8.368395908451186,6.124020520475187,3.879821959920884,3.5991776658632197,40.86587698062872,115.81566891967289,1.4209314081530071,1.4307758643365351,1.761516423844571,3.434430700206908,14.607937558081348,1.4325961206432754,1.4429904889535627,1.7895769191647757,3.5574066795002937,15.383644098834553,3.599373145186705,3.5993103681407863,89.6697242092856,88.4685154521853,88.49144982464578,88.69188365003743,87.84832869083307,88.01519773699344,87.7335202078449,87.61493236278534,87.59619788148593,87.47765465159374,96.96341306364906,96.82910275569238,96.8774153964482,96.74322762784416,107.57366266206994,108.39663579534248,105.90391672710334,105.89953762888491,111.56582126589511,87.44640528940074,87.47124667027715,111.23470905177022,107.98875508449285,95.85773397884485,95.8841243738855,108.01929965836692,106.27249783184284,107.70057219702052,105.61248953015884,105.61248953015884,100.89551289908081,100.89551289908081,99.56530764154306,96.73143751532902,99.56530764154306,96.73143751532902
28,1.423373617604514,5.043638393411892,8.37897556807235,6.129041553244606,3.8794562442837925,3.59804830424022,40.71927705315756,115.24993372320219,1.4316614693551877,1.4414982475834237,1.7722295911242578,3.4392136280722276,14.55265412340915,1.4432456820715611,1.4535320876969275,1.8000934813404064,3.5658166025623794,15.338135269869843,3.5984108577539584,3.5982901386623483,89.25177158139111,88.03470597836701,88.07358400151381,88.27937791788175,87.43556601206645,87.6061086069921,87.09377791870185,86.97593372986938,86.9549828251515,86.83718731325686,96.33204988038061,96.19838166775692,96.24579353962012,96.11224872857086,106.99297115629679,107.81921524275495,105.31535997755411,105.3109571772323,110.997132698579,86.76075734229455,86.78539356545551,110.66583278774961,107.39841486383963,95.21114885236094,95.23735661134124,107.42887701418114,105.68545585616022,107.11952202446805,105.0237317702732,105.0237317702732,100.28249912045766,100.28249912045766,98.94954080328169,96.10627309854563,98.94954080328169,96.10627309854563
29,1.4336711897358585,5.057457638138036,8.388157420102898,6.1333644501652085,3.878825891634378,3.5967867315348556,40.59306027849006,114.66441252428025,1.4419904858359454,1.4518716528612068,1.78388632913688,3.4647887804650215,14.689964926931754,1.4536910402606886,1.4640948191338188,1.8128002146276725,3.596839000738598,15.519889258377393,3.5971385046550495,3.597022204906703,88.81769018911393,87.57538280608098,87.62722630943331,87.83232213437991,86.9876140014165,87.16482717993426,86.43975490319106,86.32195664601848,86.29979639420255,86.1820560449769,95.67311367344888,95.53915870995077,95.58678125475707,95.45295332567014,106.35917962148005,107.18897207754142,104.67437495119917,104.66996527285231,110.38349057387461,86.06036950016552,86.0850353114327,110.05022329743949,106.7690780770849,94.53371073682102,94.56002257619609,106.79972063275491,105.04630091918172,106.48671308294077,104.38120773250097,104.38120773250097,99.62346645441637,99.62346645441637,98.29474345911424,95.44857667704255,98.29474345911424,95.44857667704255
30,1.4447905482051442,5.073330727264797,8.399825252861376,6.138818136321781,3.8781525590358155,3.5953077024355267,40.43533988072799,114.06431908979509,1.4531004853207674,1.4629650247932509,1.7949182726272876,3.468435780438964,14.625060936764838,1.4647813064610506,1.4751305315611312,1.8237863866806108,3.602674287929824,15.462724627857769,3.5957366947507556,3.5955933120392576,88.3234666024582,87.06697094144238,87.12443165654778,87.32606301447318,86.4892316216436,86.66981599633343,85.79797307089251,85.68047655790461,85.65658626727684,85.53914899270826,95.03070150458214,94.8969859252497,94.94422664400297,94.81063823630521,105.74885879512127,106.58065376476932,104.05877976234346,104.0543446267658,109.780730001654,85.3865877225928,85.41113835227637,109.4475738593163,106.15086662359643,93.88277626293468,93.90897585941832,106.18143175459453,104.4313108897929,105.87550662542162,103.76580717928645,103.76580717928645,98.99166659366242,98.99166659366242,97.65917276122791,94.80692966030591,97.65917276122791,94.80692966030591
31,1.454241699567695,5.086985452221697,8.409402494121116,6.143256034051813,3.8773444445943177,3.593853770983353,40.30690034876244,113.51948845047129,1.462599527708454,1.4725209082048367,1.8053590184738433,3.48698051393354,14.711829061030972,1.4743167149886074,1.484730866269126,1.8345257068719107,3.6190800712259246,15.532086076276686,3.5942453524490348,3.5941151342322373,87.87198930336311,86.5925653558764,86.65659545159998,86.8515684469276,86.01973210568063,86.20625082874574,85.22975966484306,85.11193757405441,85.08726580981674,84.96951100331376,94.45561628294774,94.32127405431729,94.36911626712909,94.23490452226542,105.18313669065526,106.0163474035997,103.48992761482127,103.48548765836034,109.22333365231383,84.79397343204774,84.81863471336621,108.8894763895702,105.58639814198865,93.30046310827147,93.32684233719074,105.61724175688103,103.86288987144802,105.3096879256012,103.19664497836399,103.19664497836399,98.41451923337743,98.41451923337743,97.08239896411771,94.22855437855144,97.08239896411771,94.22855437855144
32,1.4632551340552624,5.100320156115986,8.419252488066878,6.147782863654892,3.876562139772391,3.592409157193957,40.174835581103125,113.02252883986581,1.4715980643978983,1.4815004147524105,1.8142477462782154,3.48908177734141,14.654255574023109,1.4833390605957453,1.49374455741899,1.8434903018919568,3.622033112443562,15.479591794566936,3.5928032838414286,3.592671745745547,87.43257478869846,86.1428392147833,86.20496904162447,86.39181108126806,85.5711109700513,85.76017002590174,84.72050733442794,84.60264223815747,84.5769123048758,84.4591137718027,93.9401870641935,93.80577619779169,93.85364823363393,93.71936749884162,104.68109698112639,105.51507416174961,102.98539446668342,102.98093319821997,108.72442118241474,84.26901466136238,84.293642351688,108.39084285507388,105.07933944354579,92.78285915006377,92.80919465935928,105.11012451345758,103.35824149772425,104.80660522388263,102.6925067877404,102.6925067877404,97.90247762434493,97.90247762434493,96.56663510145344,93.71006129499172,96.56663510145344,93.71006129499172
33,1.4701754673969771,5.1109709611798735,8.427014637901133,6.151307803586059,3.875758628264067,3.5910867515993248,40.07155134529805,112.61649685001478,1.4785666732759621,1.4885218357026435,1.821714225949616,3.4992856843325018,14.690966091607601,1.490285941558765,1.5007096217443239,1.850724702554809,3.625772785870448,15.463564173275392,3.5914340461173175,3.591318581805365,87.0646392320193,85.75801039612561,85.82164850162445,85.9996728269842,85.18639627615215,85.37974577018068,84.323984961811,84.20562467514263,84.1795444247557,84.06125630376975,93.53728783913691,93.40216216497765,93.45075852601833,93.31576541124323,104.27585117104795,105.1095986512038,102.5802512594245,102.57578731904076,108.31827758236336,83.8675915780263,83.89235863087053,107.98494535498628,104.67306396535925,92.38160139375665,92.4081274800467,104.70413240515023,102.95254101659074,104.40059064287956,102.2878737268229,102.2878737268229,97.49686648134033,97.49686648134033,96.15873649962546,93.30160971355603,96.15873649962546,93.30160971355603
34,1.4759626084556356,5.119886964526207,8.433605625485415,6.1542515842630605,3.8750220058072067,3.5899176094545275,39.98300469892921,112.28731038650547,1.4843385518262544,1.4942771591019632,1.8273807830795337,3.499988034989097,14.650259881419043,1.496104102134524,1.506549819996678,1.856529983788445,3.6263186384561217,15.425283029671933,3.5902191050095666,3.5901190887807437,86.75155209645959,85.43889353407863,85.49669357743657,85.66558358534368,84.86289179288187,85.05781752802815,84.00307754648101,83.88446342655551,83.85796502918448,83.73942114734433,93.20833772260995,93.0729612479404,93.12184054922635,92.98659603496192,103.9458501160581,104.77942851291796,102.2500271366096,102.24554895277231,107.98797514248982,83.54482869082341,83.56962125363233,107.65496699321076,104.34092727663274,92.05502917444471,92.08156420047084,104.37196060147475,102.6217725455035,104.06966764188624,101.95807790683224,101.95807790683224,97.16613432067692,97.16613432067692,95.82503501522064,92.96777685117634,95.82503501522064,92.96777685117634
35,1.4798376533078466,5.126403815215277,8.438558362526566,6.156419151550055,3.8743431217321014,3.588908419096064,39.91677012725501,112.05191528092632,1.4882521996066602,1.498230248654235,1.831415320925169,3.5028667646865346,14.648260971333755,1.499963817691458,1.5103944503329292,1.8600438444106826,3.621351302026293,15.359257923559126,3.589166784425202,3.5890813657278224,86.51233069560263,85.1899662089729,85.24595461301517,85.4066050535431,84.61123919187894,84.80855426289818,83.79534677051973,83.6762301913539,83.64972174020824,83.53067827510047,92.99614622191946,92.86014426139992,92.90967620496588,92.77380757031604,103.72468063050222,104.5570507401872,102.03095451693851,102.02647551314496,107.76032281841717,83.3454866339329,83.37040846121968,107.42810315481668,104.11746187012844,91.84969758640842,91.87639121343989,104.14872352502992,102.40164181959386,103.84746946504629,101.73991510131938,101.73991510131938,96.95152252917987,96.95152252917987,95.60689980703859,92.74979371468943,95.60689980703859,92.74979371468943
36,1.4823833987460069,5.130666913881208,8.441693477027336,6.157715401220736,3.873746107870394,3.5881134752727646,39.87366429101609,111.89524681770742,1.490785666734109,1.5007522049029276,1.8338720550452832,3.5025536992516244,14.626709232042483,1.5025478872863622,1.5130151335276112,1.8626449472440378,3.620265766120833,15.337874067555749,3.5883046085460153,3.5882421586457007,86.34290868740014,85.0183384374641,85.06736002785273,85.22020328526662,84.43279688232857,84.63078668579324,83.65785452450322,83.53840149305569,83.51196318475388,83.39258094189786,92.85132453952346,92.7150072748647,92.7649230756269,92.62873849449615,103.57005899252626,104.40170781941758,101.87758171259851,101.87309589526458,107.60330585064885,83.21523843855104,83.240218347795,107.27137140075727,103.96293812552099,91.709616265158,91.73635050683646,103.99418650394463,102.24756965038628,103.69219472881854,101.5869008187047,101.5869008187047,96.80212078395054,96.80212078395054,95.4556030663628,92.59998652269448,95.4556030663628,92.59998652269448
37,1.4835246919992304,5.133205992778036,8.443816529165948,6.158541946521335,3.873246901266117,3.5874711607376497,39.84413617120932,111.81480353482372,1.4919516844568803,1.5019412985060459,1.8349008703223832,3.5002318896942715,14.600874422818876,1.5036503851909315,1.5140845121420208,1.8630708182413087,3.610800382497532,15.253781420337942,3.587630151094844,3.587578440129831,86.23308178286459,84.90534322571564,84.95079151902465,85.09742624572432,84.31583983004334,84.51451899420393,83.61075445461489,83.49089493090246,83.46466321532414,83.3448750271313,92.80198201525964,92.66522158056962,92.7156127684155,92.57898542964634,103.50945059498737,104.33952227711696,101.81989379712506,101.81540851486895,107.53401300090167,83.18307060202955,83.20814752502898,107.20304920044747,103.89966245708708,91.66895632159688,91.69579701600496,103.9310581811925,102.18872858371465,103.63060679341588,101.5301912307203,101.5301912307203,96.75107261153632,96.75107261153632,95.40098432805462,92.54592418564151,95.40098432805462,92.54592418564151
38,1.483482968959627,5.1336320792952,8.444086226527457,6.158492938885296,3.872822902625366,3.5870383201906773,39.83828852003033,111.79821769662217,1.4919020726879544,1.5018857158026688,1.8348096877817013,3.4993183027684927,14.595747793460372,1.5036436578565944,1.5141160817517747,1.8630932424853477,3.608860898666357,15.247232053968482,3.587130082603786,3.5871014640461674,86.18812653702771,84.86101838555962,84.90018366222452,85.04138440161603,84.26454030721446,84.46318772356882,83.61640030428026,83.49621865328471,83.47035137691945,83.3502389468406,92.8022573734872,92.66520352960192,92.71596582207299,92.57904453031938,103.49636596322622,104.32550848114869,101.80874444023924,101.80425846541972,107.51766665771537,83.20017048382617,83.22531468762885,107.18690818947037,103.88803914986003,91.67447921721005,91.70137259787785,103.91943820168237,102.17692207837803,103.61717045011187,101.5192869008412,101.5192869008412,96.74594170664804,96.74594170664804,95.39503115787207,92.54219181256893,95.39503115787207,92.54219181256893
39,1.4826343439271772,5.133100190159908,8.443942512359964,6.158262592506004,3.872502633867513,3.5867231173524816,39.837775943385594,111.83170411646236,1.4910644630378456,1.5010562221995596,1.8336985704699245,3.4941223912095642,14.55982578745704,1.5027488828014666,1.5131832349724221,1.8614425431661108,3.598364044332761,15.168138112909688,3.5867960488438215,3.586773603766423,86.18164877586291,84.85623551975065,84.89130301905551,85.0287656049416,84.25570409186977,84.4538016520537,83.6803981310998,83.55995174745817,83.53438843679012,83.41401022021053,92.86582232778974,92.72852965319787,92.77956039466967,92.64239999289093,103.54937623160517,104.3770157471282,101.86462620061275,101.86014155040182,107.56229213309267,83.28021393419259,83.30541543163001,107.23243015704526,103.9386585295667,91.74612904016,91.77307457375227,103.97012409233696,102.23181881531058,103.66942658380691,101.57600181933415,101.57600181933415,96.80856133246346,96.80856133246346,95.45478065733622,92.60266791305106,95.45478065733622,92.60266791305106
40,1.4809265733885077,5.130956590920378,8.442286675535424,6.157325899535519,3.8722384069763547,3.586572993466856,39.85662328205449,111.90711150328706,1.4893531310996875,1.4993435971399927,1.8319751283745005,3.492964269471579,14.566019890817822,1.5010669698995522,1.5115330897129775,1.8597885335495714,3.5962081594304407,15.172091735322125,3.5865920435986713,3.5865881866677904,86.22420341267441,84.90116423664908,84.93152676999478,85.06607383110129,84.29484641938895,84.4924482454479,83.77582774557516,83.65513196558666,83.6300498667571,83.50942069845088,92.95810452186014,92.82059037932063,92.87191153952213,92.7345292976183,103.62858735329793,104.45534194629455,101.94584078140517,101.9413595008257,107.63829958937308,83.38747741796158,83.41273879973367,107.30855469141197,104.01989354762341,91.84294170393407,91.86993727596737,104.05137252014976,102.31252890175557,103.74854462058589,101.65734473240002,101.65734473240002,96.89594962721739,96.89594962721739,95.54220331632769,92.6923653297586,95.54220331632769,92.6923653297586
41,1.478944721295663,5.128526504182212,8.440674232345767,6.15642389777573,3.87206034144788,3.5864944547799067,39.87455878426949,112.00642706309733,1.4873713921765985,1.4973588305906516,1.8296842508998907,3.486897093534673,14.530477614141754,1.4990431139711897,1.5094753433853572,1.8571016477714297,3.5870305686733475,15.111283933569098,3.5865068496533574,3.586505046034602,86.28440981801761,84.96586445961823,84.9925337266283,85.12560823172406,84.35617474661161,84.55253457109433,83.89819068568256,83.77737268761143,83.75259835317945,83.63184510385005,93.0811852427383,92.94360970869691,92.99501527766284,92.85757097827387,103.74350601311984,104.56908936038708,102.06305684287948,102.05857716001056,107.74661751584722,83.52348844976751,83.54877052246398,107.41755101959302,104.13306159446233,91.97217142537012,91.99917425690205,104.16454245034103,102.42905393400206,103.8629964645956,101.77514354126782,101.77514354126782,97.01870393428453,97.01870393428453,95.66310035259329,92.81398299754451,95.66310035259329,92.81398299754451
42,1.4764741581071101,5.1251104874794775,8.438055847702659,6.155057922055303,3.8719148483534243,3.5865205748399305,39.90538124030507,112.12569804995816,1.4849006731185412,1.4948900024719565,1.8272205199424882,3.4857614428520844,14.542563205721683,1.4965875013873502,1.507041169639548,1.8546655221155681,3.5851036310901794,15.121011208645813,3.5864981540308487,3.586508426338205,86.37423916915633,85.05875008289699,85.08258147251489,85.21487805967091,84.44511294981656,84.64076689021186,84.03243477298778,83.9114626062079,83.88715164344961,83.76624333782955,93.21421669180229,93.07650887187714,93.12809755393104,92.99052078079606,103.86609107694346,104.69098298011909,102.18731352516505,102.1828391694117,107.8666276299893,83.66752984700615,83.69285536649001,107.53760172766775,104.25763433333783,92.10841394860056,92.13545538204112,104.28913248084636,102.5529970662859,103.98566903382601,101.89943132802715,101.89943132802715,97.14807558223032,97.14807558223032,95.7930526414388,92.94582794084056,95.7930526414388,92.94582794084056
43,1.4741198551063084,5.12188798075296,8.435761522243533,6.153856210314171,3.8718271003280025,3.586574668384336,39.93150993790673,112.24771266199508,1.4825394761055528,1.4925192120445325,1.824584876332959,3.4802592045147844,14.513961990391596,1.494201802046851,1.5046307077070344,1.8518010390445565,3.578479359040288,15.083373323175282,3.586554687249862,3.5865639730903074,86.46517562135904,85.15509387537166,85.17619771869359,85.30874412120885,84.53916588752497,84.73337719924851,84.16851439659182,84.04753499774804,84.02347531267019,83.9025577609811,93.35154333216178,93.21389956428462,93.26543914594775,93.12792564203316,103.99826505628059,104.82241595813102,102.32099106471291,102.3165181891886,107.99457713166224,83.81315406589125,83.83847280957107,107.66596272962903,104.38880700048314,92.24950569301278,92.27652425195323,104.42026536980039,102.68629890771096,104.11764619274608,102.03342097968773,102.03342097968773,97.28549724204419,97.28549724204419,95.92961851722515,93.08298872019392,95.92961851722515,93.08298872019392
44,1.471606411861012,5.118263817038267,8.432975541474688,6.152433076076793,3.8717501761127036,3.5866743619153945,39.963941943456895,112.37187916597009,1.4800280380027775,1.4900112856738787,1.822089637993162,3.479316606723039,14.527402874005789,1.491693416823219,1.5021330361487417,1.8493015887960105,3.577028885029824,15.094834882487811,3.586638416072061,3.5866533036044568,86.56775730502883,85.26058373339666,85.28058010495683,85.41386158278242,84.64263924892677,84.83614536280199,84.30171696871186,84.18067429471245,84.15697783668895,84.03599672579286,93.48494201309789,93.34724868937884,93.39886784085459,93.26130474825717,104.12483363927919,104.94854508930405,102.44870777026836,102.44424046097123,108.11944676934348,83.95300452277584,83.9783477515825,107.79081798702032,104.51696049709011,92.38467613256344,92.41171848831013,104.54843524164924,102.8138810976593,104.24439921717341,102.16110106468068,102.16110106468068,97.41669605679307,97.41669605679307,96.06163715426281,93.21630652421234,96.06163715426281,93.21630652421234
45,1.469436489152844,5.1151065439994765,8.430629187583015,6.151224392003784,3.871701410808763,3.5867684927945622,39.99016692533836,112.48474624134082,1.4778480533893248,1.4878193346427053,1.8197088958093104,3.475195949865029,14.508661695233767,1.4895047818822298,1.4999301526847637,1.846841925096287,3.5732656923591755,15.079113484650158,3.586740457573019,3.5867525618778107,86.66070869473383,85.35847217502665,85.37690012721511,85.51149395565413,84.73938295863083,84.93159975404268,84.42034254426078,84.29936768893651,84.27583846185732,84.15492345296246,93.60487778299962,93.46731640936902,93.51881083650218,93.38137898835997,104.24247701356289,105.06585982428055,102.56706937325085,102.5626031955919,108.23517146728555,84.07676701224176,84.10208718351758,107.90670662652946,104.63427477585961,92.50615964590511,92.53316427450291,104.66569083263802,102.93213670715544,104.36205385000123,102.2795416543015,102.2795416543015,97.53695864834516,97.53695864834516,96.1818431542771,93.33692058780638,96.1818431542771,93.33692058780638
46,1.4673492621120754,5.111999386513087,8.428214071857871,6.149991574028512,3.8716472148884495,3.5868614867647213,40.017280775646334,112.58794833419071,1.4757637854866181,1.4857388939427973,1.8176426501200211,3.4745249678005945,14.520337706166638,1.487415249492407,1.4978423938814804,1.8447516221853018,3.5723651926581885,15.089438189239058,3.586832630124246,3.5868451126449457,86.75158456962602,85.45159325545502,85.47024679287246,85.60641386680294,84.83212459978185,85.02377470486607,84.52715372179404,84.40618609973757,84.3828865770596,84.26197895233578,93.712717667791,93.57516937909173,93.62666195866817,93.48924326774578,104.3470656696325,105.17025124203538,102.67225826467941,102.66779674891194,108.33893223834818,84.18696450933089,84.21229228363336,108.01042184467246,104.73988814297815,92.61452650230572,92.64154082817112,104.771316703258,103.03732918467384,104.46685260164399,102.38465731637771,102.38465731637771,97.64393452273674,97.64393452273674,96.28963500088703,93.44539044663598,96.28963500088703,93.44539044663598
47,1.465685822452401,5.109441202959805,8.426230970126266,6.1489657017469606,3.871597166187605,3.586928735181771,40.0383970476661,112.67298499018219,1.4740902023397369,1.4840541346988405,1.8158537069800782,3.4720517151579102,14.511484307957927,1.485744678061189,1.4961669536146942,1.84299331623211,3.5711184514674357,15.090673045812817,3.5869097750697336,3.5869188574192057,86.82777565199635,85.53144332926225,85.54960005343167,85.68751846905748,84.91181170657828,85.1025248830084,84.61162893615322,84.49076388969627,84.46754590844185,84.34673966728678,93.79827088290718,93.66087224955999,93.7122162675809,93.57494671325699,104.43256016959673,105.2557401935034,102.75783888063792,102.75337806962659,108.42433157388365,84.27279461397147,84.29809340391417,108.09579700662277,104.82554343078998,92.6999280106874,92.72690245338055,104.8569126477593,103.12299398873473,104.55248789465571,102.47015236035278,102.47015236035278,97.72988770743758,97.72988770743758,96.37605122813059,93.53202202575878,96.37605122813059,93.53202202575878
48,1.4642446966146858,5.107214614747486,8.42446342873173,6.148046840438548,3.871532414612449,3.5869652289417835,40.05676393991981,112.74261370623967,1.4726520372397487,1.4826192208509286,1.8144307651476306,3.4716534419576477,14.519743021981613,1.4842969148560463,1.494714880094382,1.8415374223072303,3.5707110429377913,15.098240435264692,3.5869552695972633,3.5869613237230915,86.89347322004915,85.59851231975524,85.617721733678,85.75745607943034,84.97964016738418,85.16998906790317,84.68078921255542,84.55997506096675,84.53685743771307,84.4161024911916,93.86877188388429,93.7314239100062,93.78271457368838,93.64549580311468,104.50268685899518,105.32585946730708,102.82810647356969,102.82364886105002,108.49433237176407,84.34261788250697,84.36791200253032,108.1657422361861,104.89613850558081,92.77006786904008,92.79704108456397,104.92751520422304,103.1933509807021,104.62279993917667,102.54033720884817,102.54033720884817,97.80052979233389,97.80052979233389,96.447351495761,93.60347959389003,96.447351495761,93.60347959389003
49,1.4631977663257418,5.105488815818476,8.423039446038684,6.147289804841371,3.8714549883131193,3.586967263422926,40.0704091211375,112.7931485094982,1.4715968874882073,1.4815555732541035,1.8133369482420854,3.470682835694748,14.518897895851115,1.4832514786823823,1.493671409433692,1.8405362863395152,3.5712739915230385,15.109968981920384,3.5869665941358537,3.586969497589662,86.94402215330052,85.65118495017137,85.67068946863272,85.81212332913877,85.032820556377,85.22264164733318,84.72693904276173,84.60622956708428,84.58312361269056,84.46247271499286,93.9156218041308,93.77840551378118,93.82956168268734,93.69247429735107,104.55087868163184,105.37424940321462,102.87597183207524,102.87151453320773,108.54359163245563,84.38745461170157,84.41272164018967,108.21486370449401,104.94476713705957,92.81571876558763,92.84265853065581,104.97609570194227,103.24140354395873,104.67118700712828,102.58802887198031,102.58802887198031,97.84773621415049,97.84773621415049,96.49526419946655,93.65144976728001,96.49526419946655,93.65144976728001
50,1.4624197504481213,5.1042083505500715,8.421972737125555,6.146703955502887,3.871360291682643,3.586926093490998,40.07950929911035,112.8275615554678,1.470821220404924,1.480782119243999,1.8125713487979203,3.4705050755241764,14.523330447233512,1.4824652751545608,1.492877822586574,1.8397373413875522,3.5712264197324237,15.11425632218707,3.586938980483584,3.586937258515954,86.98069861689262,85.68839864723753,85.70928760863137,85.85234250532417,85.07138294057697,85.2610417020631,84.75847200307228,84.63783132438054,84.61472421526202,84.49414258887428,93.94840711758857,93.81125563648288,93.86233622194604,93.72531377795647,104.5851566757106,105.40863921890734,102.9100773543556,102.90562171427216,108.57820022734255,84.41778936156105,84.44304479639885,108.24942238416753,104.97906537567542,92.84765226620478,92.87458404571508,105.01039664650764,103.27563402739621,104.70559788653857,102.62206180731543,102.62206180731543,97.88125998476254,97.88125998476254,96.52922125099393,93.68521053073287,96.52922125099393,93.68521053073287
51,1.4619404893434842,5.103300358884544,8.42112805912727,6.14622071204918,3.8712449903561916,3.586851854006867,40.08560450676382,112.84598728508551,1.4703365853171526,1.480292363726475,1.8121042133718137,3.4706504434695575,14.527714206400843,1.4819925500045326,1.492410926522948,1.8393820693879364,3.572788718769249,15.130248780886884,3.5868718689642685,3.5868677573447276,87.00482664564892,85.71324461491636,85.73488344029077,85.87927397060974,85.09707538126189,85.28657233133127,84.77106374848798,84.65050837608153,84.62736673524138,84.50687027213982,93.96129238145834,93.82423511876303,93.87521704195314,93.7382887174386,104.59996620757495,105.42373349090848,102.92437032844047,102.91991471326645,108.5945855015918,84.42763142863592,84.45286633798239,108.26562659897175,104.99439586848891,92.85891344312202,92.88582249173702,105.02569568614199,103.29014089107964,104.72059802976696,102.63616000304243,102.63616000304243,97.89438705908985,97.89438705908985,96.54307429144491,93.69901894250557,96.54307429144491,93.69901894250557
52,1.4617073618107008,5.102826176888395,8.420659613270047,6.145915048830663,3.8711134152401,3.5867341973016855,40.08690503077592,112.85098037682218,1.4701049187306916,1.4800617761403874,1.8118767851578468,3.470615121056942,14.528792160193076,1.4817517844805872,1.492162251775917,1.8391265034251278,3.572943124747367,15.131545729548636,3.5867679548304805,3.5867591264433294,87.01563146902033,85.72394502997933,85.74690798159259,85.89247465392862,85.1092379011003,85.29873343489368,84.77233011444672,84.6518413606514,84.62863482399051,84.50820540707755,93.96347182822687,93.82647569083578,93.87738306523659,93.74051597605094,104.60448272227052,105.42841187610853,102.92855698879735,102.92410174371861,108.59963991375565,84.42675415848211,84.45197534002214,108.27064593174043,104.99864109375696,92.86010212625743,92.88700042984624,105.02993994137442,103.29444846011458,104.72518709363742,102.64029522736654,102.64029522736654,97.89751930379882,97.89751930379882,96.54641642334775,93.70199038574566,96.54641642334775,93.70199038574566
53,1.4616532562997666,5.102567935055029,8.420293522428024,6.145654914550105,3.8709605628328165,3.5865911334158738,40.086874480148424,112.84511943490924,1.4700483224182068,1.4800032263046905,1.8118694404521316,3.4714068695191798,14.535575390660533,1.4817059511660147,1.4921234345220353,1.8392187802193165,3.574783631533333,15.146926792734254,3.5866293152310784,3.5866190263845112,87.01798275522115,85.7259735799434,85.74982730617745,85.89623287165672,85.11216253547234,85.30176189817587,84.76101861233336,84.64058577290257,84.6173230138689,84.49694970667447,93.95210169251804,93.81515709566195,93.86600868890451,93.72919318820553,104.59497041957707,105.41917805819232,102.91851961438985,102.9140642282242,108.59168818013984,84.41233547665284,84.43754442437447,108.26252392108978,104.98959440905415,92.84717003258167,92.8740569936939,105.02087875977276,103.28459683975395,104.71582327272687,102.63008968771551,102.63008968771551,97.88624957084662,97.88624957084662,96.53574409631555,93.69122877745244,96.53574409631558,93.69122877745238
54,1.4617818132337594,5.10265008357599,8.420240687725943,6.145541090436534,3.8707954849669273,3.586413390814871,40.08284738567042,112.83020335730765,1.470177442269183,1.480132445671418,1.8119975915403945,3.471434703031167,14.534254696211207,1.4818286748483334,1.4922394770594671,1.8393267219299088,3.5749977717547203,15.14600227336787,3.5864627143481527,3.586448584453769,87.01001083684018,85.71750986531553,85.74238127781449,85.88944206001676,85.10494008708757,85.2946400515383,84.74271462121051,84.62233371035221,84.59897928379982,84.47865821613308,93.93427081583881,93.79737286924426,93.84816580234413,93.71139702518576,104.5794916670904,105.40385661716277,102.90268543473968,102.89822954335565,108.57675271056586,84.39172084093829,84.41691743022075,108.24757127381307,104.97371160432934,92.82846495224268,92.85534152941284,105.00499274219821,103.26885458142534,104.70036335291914,102.61422824771802,102.61422824771802,97.86929427489855,97.86929427489852,96.51881996538535,93.67391032223534,96.51881996538545,93.67391032223536
55,1.4619774224121673,5.10280752255023,8.420193875801901,6.145427349961249,3.870612568092895,3.586219725837737,40.07880946917477,112.8098705472203,1.4703729040345845,1.4803283643567025,1.8122519471484175,3.472442146009376,14.541135736301504,1.4820318163750559,1.4924488598263108,1.839650655759752,3.576595703878232,15.157740002624914,3.5862708933860357,3.5862561772607884,86.99785799471074,85.70442909506721,85.73010559667576,85.87752059407543,85.09261194519073,85.28256543043388,84.71843034411314,84.59807526108222,84.57466297387367,84.45436810712957,93.9096773008286,93.77279321442194,93.82356941473398,93.68681463010893,104.55628044911043,105.38085862030641,102.87906014165299,102.87460405573614,108.55475070139681,84.36474247667873,84.38993460637008,108.22544263787283,104.9508319609578,92.80267612239942,92.82955094137289,104.98211241004486,103.24535678799482,104.67724240504607,102.59048695289147,102.59048695289151,97.8446689355356,97.8446689355355,96.49459261903358,93.64959532910423,96.49459261903355,93.64959532910427
56,1.4622783793279566,5.103173114270065,8.42035740495545,6.145410619605268,3.8704222283949674,3.5860037107883334,40.072098218887774,112.7850933058068,1.4706736982698487,1.4806285731076967,1.8125479518991225,3.472469378318983,14.538503529795472,1.4823292083428448,1.4927416966374758,1.8399346601533886,3.5767662025373035,15.155528082632731,3.5860620389087074,3.5860448405005125,86.9793787101493,85.68530884114011,85.71159997999274,85.85920354099483,85.07434201496352,85.26444059885581,84.69130422566737,84.57098121405527,84.54747957060376,84.4272169472808,93.8826044034157,93.74574838838534,93.79648827389542,93.65976159492563,104.53103566576615,105.3557322557173,102.85352444525125,102.84906741649648,108.52992340481428,84.33567589273359,84.36085901709022,108.20061451569994,104.92517947889473,92.77498849112494,92.80185522268145,104.9564558308962,103.21987358997258,104.65197753475444,102.56494531316426,102.56494531316426,97.81822056851742,97.81822056851748,96.46806039051285,93.62274713265388,96.46806039051287,93.62274713265383
1,1.4570021126675037,5.095559519364463,8.40842008843148,6.134299335870412,3.853081323105987,3.563208085905263,38.839843958157886,108.0170531712724,1.465348016995615,1.4752443935598352,1.8057115172907263,3.4398043883557157,14.303398379950679,1.4767678905562873,1.486939760123265,1.830286986134884,3.519988157928278,14.726336231074887,3.5704758120272784,3.5679890981872355,85.33186938077297,83.61582959986804,84.56538834737538,84.89453685439014,84.7339339308835,84.06110848061333,82.95005688924516,82.86899170777934,82.80707304675444,82.72572363694023,91.40779818645635,91.32645381179327,91.32962157673332,91.24822338959913,100.92453781612359,101.62322967203369,99.46495443962068,99.46030165125266,104.34441092114483,82.42533560725785,82.44988176738231,104.07341522982881,100.95462244773542,90.24738758348485,90.2733606528794,100.98393777677428,99.78754961268818,101.03432592781304,99.1660694481077,99.16606944810772,94.91577949037452,94.9157794903745,93.4788687191495,90.91854068534535,93.47886871914942,90.9185406853451
2,1.4455958282537382,5.081183990644229,8.388468350808285,6.113824554042647,3.835012348868854,3.5480152051494542,39.262018369176914,109.91735207536526,1.4539860349512859,1.4639342548647896,1.7934375223801002,3.4255358344804465,14.30587982239461,1.4656493229048793,1.4761335902518304,1.8196398818270696,3.506234430430449,14.753706233171993,3.550098708268101,3.5493978593689737,85.53360612607428,83.86656654305045,84.96100154347079,85.25353527575984,85.62869975476123,84.33115957472629,82.40734342762372,82.35292101684966,82.26117762580529,82.20661403144994,91.16542383470556,91.11087115254291,91.08233878601469,91.02777198703942,101.6609603020609,102.48409636334523,99.9890400532776,99.98447416892631,105.65879971300177,81.99883390990826,82.01856685593751,105.33184291456055,102.09585598245617,90.1232017537471,90.14312820439542,102.11796854311729,100.34714816360207,101.77319927221508,99.70392857904648,99.70392857904646,95.00491958654725,95.00491958654723,93.6223991023327,90.83526048295269,93.6223991023327,90.83526048295263
3,1.4384654468647995,5.0664384271236536,8.37024415581223,6.099018966056905,3.82475376376406,3.5390423211587914,39.39700748838608,110.49712371769841,1.446869233703927,1.456829658782483,1.786839390351118,3.4285849722600803,14.375593978960017,1.4584518529105361,1.468860501831708,1.813062646586095,3.510805398514933,14.830981299229409,3.540587564331617,3.5400673516004235,86.05188589390526,84.40001902078698,85.51560063034968,85.80587293094632,86.2553826489137,84.84968066165874,82.65193246578207,82.60531939894528,82.50436751561013,82.45773482112376,91.64852107397454,91.59820952417793,91.56338416297348,91.51310106369742,102.28003894819675,103.10032258284406,100.6097108371065,100.60521777724239,106.257471573299,82.31893763494946,82.33721285805932,105.93138690652523,102.67757925369706,90.62845194032141,90.64730880333542,102.69936138439753,100.97007451908566,102.39433169732187,100.32463281903834,100.32463281903836,95.59265661230866,95.59265661230866,94.22290752680145,91.38871735594739,94.22290752680146,91.38871735594753
4,1.433782951884928,5.05684129444247,8.358179620541732,6.089030901687916,3.8178383658546133,3.53297362860995,39.480652255278066,110.86900897481353,1.4421977686270606,1.4521711282810057,1.783047314962362,3.432308066195822,14.429110789635516,1.4537333489686395,1.464108961107824,1.808440236910827,3.5133351605466516,14.880235487789571,3.534024136550499,3.5336711515340196,86.4243347650203,84.7669188954217,85.90371715194124,86.20829482486738,86.64962170118083,85.22936472587898,82.96602513556716,82.92176342891011,82.81919562781673,82.77495392603758,92.04006562245115,91.99049996674059,91.9546152582295,91.90508972908844,102.6682281055554,103.4870496882222,101.00152569567236,100.99705572971901,106.63843248098323,82.6609261408719,82.67875684624993,106.31255758683207,103.06281794157529,91.01864043401412,91.0372653600308,103.08449694947494,101.36201275591154,102.78364936067108,100.71570378361703,100.71570378361699,95.99111299507406,95.99111299507405,94.62950678239739,91.79572660420263,94.62950678239741,91.79572660420267
5,1.43055675677252,5.05039980310801,8.350110026675189,6.082328216683877,3.8131641398706035,3.5288595703849066,39.534485235512165,111.11172900590955,1.4389778506338813,1.4489595825218233,1.7805489806532009,3.4349852050425236,14.46568277220661,1.4504846854956013,1.4608427044596202,1.8051511363544748,3.5146998598458135,14.912079643165995,3.5295792468843152,3.529338166269434,86.6725328062009,85.00869697853692,86.1614827572682,86.47939504754656,86.90502991818292,85.48491776370123,83.21696150467176,83.17343781559649,83.07113792050271,83.02764427854247,92.30795697978117,92.25857143283214,92.22255282355245,92.17320995403001,102.92084486514102,103.73888818070611,101.25623895742562,101.25178311153167,106.88689379015062,82.91907563531552,82.93675595571285,106.56112628892171,103.31702522053662,91.283329538798,91.30188018100628,103.33865668013999,101.61683378814011,103.03700861132629,100.96991950249347,100.96991950249343,96.25155769502251,96.25155769502253,94.89569560911903,92.06604053296849,94.89569560911903,92.06604053296853
6,1.4282479083804527,5.045897249138264,8.344540776642527,6.0777257743225155,3.809953765680564,3.5260227776314723,39.569342691050664,111.27042589144261,1.4366726950866595,1.4466597150487326,1.7787526581015427,3.4366412442404837,14.48985919193361,1.4481609264210114,1.4585083490116593,1.8027623885900517,3.515354474080698,14.93268867587299,3.526528069330177,3.5263595123913083,86.83565178085817,85.16718011066132,86.33084316776946,86.6583725495282,87.07185661154574,85.65349566894106,83.39470622893124,83.3514315814965,83.24965364164527,83.20641114702057,92.48522521979214,92.43591130999506,92.39990310738658,92.35063239964187,103.08599668222281,103.90354864590539,101.42272867995108,101.41828221384274,107.04936711397208,83.09698867721906,83.11460793844658,106.72366672369928,103.48392771087327,91.45830156019518,91.47681685192475,103.50553189005798,101.7834003996744,103.20264751558068,101.13608498532844,101.1360849853285,96.42180112087678,96.42180112087685,95.06976452860918,92.24320762055002,95.06976452860928,92.2432076205501
7,1.4265377277109257,5.042637905673365,8.340571526714738,6.074471315534349,3.8076870891096313,3.5240078295506945,39.59179633831814,111.37386974296521,1.4349646515447756,1.444954901519241,1.777384618455175,3.4375482753247444,14.505586291109287,1.4464403889916972,1.456780850007342,1.800980441490473,3.5155613317403316,14.945945104154566,3.5243759603732645,3.5242538014783378,86.9423257107755,85.27073191928677,86.44161588781614,86.7756434772153,87.18081174975421,85.7638974505347,83.51490771152736,83.4717276357535,83.37037318677973,83.32722560550485,92.60137869451071,92.55210509568737,92.51612088343259,92.46689060373964,103.19375360575211,104.01097867352732,101.5313740447848,101.5269338245338,107.15533483779204,83.21560222708459,83.2331911714657,106.82968101063352,103.59298495796591,91.57297696911778,91.59147139364755,103.61457185678685,101.8920930633261,103.31072268176047,101.24451818567722,101.24451818567721,96.53292604161096,96.53292604161095,95.18341238786695,92.35893685368625,95.183412387867,92.35893685368634
8,1.425226316280776,5.04019505961629,8.33764154550404,6.07208763823091,3.8060250884476243,3.522517878740585,39.6060401076155,111.44079168306988,1.4336544025819342,1.443646528304735,1.7762954998605491,3.4379466350346948,14.51566956075206,1.4451215304746283,1.455457156830404,1.7996087031453856,3.5154832547427373,14.954360350167132,3.522798916793698,3.5227062168587495,87.01168515768951,85.33801097057001,86.51366430589924,86.852002980626,87.25164107479797,85.83574754281574,83.59437113110116,83.5512331003333,83.45017368170913,83.40706818029692,92.67695570182146,92.6277078977309,92.59174290664824,92.54253845659294,103.26362192088996,104.08062202941548,101.60184778452962,101.5974117390821,107.22397418913778,83.29342329352599,83.31099471920385,106.89835542547544,103.6637302837745,91.64761128907254,91.66609230640447,103.685305759734,101.96259198959008,103.38079759797675,101.31485328042902,101.314853280429,96.60507782561781,96.60507782561785,95.25723541260066,92.43415820361818,95.25723541260066,92.43415820361818
9,1.4241838131066133,5.038295910072342,8.335392347586536,6.070268623862587,3.8047489105750407,3.5213615330625556,39.61480718561043,111.48347043117482,1.432612445199643,1.4426055655155563,1.7753942227442083,3.4380088050608726,14.522002965723193,1.4440735078589089,1.4544056449857117,1.7985155690937848,3.51522348748801,14.95957437803762,3.521587532730253,3.521513447206724,87.05632881493362,85.381263790682,86.56006706071346,86.90125168654527,87.29723807534751,85.8820510835406,83.64606361644759,83.60294754070019,83.50208522248622,83.45900168379073,92.72562338890666,92.67639279064987,92.64044172046123,92.59125449166963,103.30837150712239,104.12521094938364,101.64702226799774,101.64258903655038,107.26785089515164,83.34382795995832,83.36138830646452,106.94226071383953,103.70904603393059,91.69567914172768,91.71415121047129,103.73061373243121,102.00777568240376,103.42567974686737,101.35993766805763,101.35993766805765,96.65142058087775,96.65142058087768,95.3046940422461,92.4825746942763,95.30469404224608,92.48257469427634
10,1.4233242587765031,5.036761618896947,8.333591340535717,6.068816423636329,3.8037178016963233,3.520415930948749,39.61990078231265,111.50998972578344,1.4317530444217028,1.4417465882124936,1.7746217888971845,3.437851071033859,14.525844520976634,1.4432097414218412,1.4535392819193158,1.7976127107046749,3.514847945570078,14.962663266467324,3.5206072728078106,3.5205449066602705,87.08454643456298,85.40854405537787,86.58942933475213,86.93248960478424,87.32606997380394,85.91137991859145,83.67908353183816,83.6359804762691,83.53524856710422,83.49217806214166,92.75640033940606,92.70718146442897,92.67124057276351,92.62206507593172,103.33640013951695,104.1531196440634,101.67536025003399,101.67092893930703,107.29523346651834,83.37592516597643,83.3934781269693,106.96966829610413,103.7374267806724,91.72607962917448,91.74454555983529,103.75898902851938,102.03611136349976,103.4537916502976,101.388217755499,101.38821775549901,96.68060081054828,96.68060081054836,95.33462682541044,92.51318189131905,95.33462682541033,92.51318189131902
11,1.4225899609004546,5.035473800134521,8.33208699644448,6.067603493667474,3.8028427681947767,3.519603849085688,39.62251461446217,111.52569324748369,1.4310186463249186,1.4410122400842298,1.7739386425594525,3.4375499531253335,14.528026197270053,1.4424721188218224,1.4527996572310071,1.7968404845230064,3.514398713463111,14.964335794797833,3.5197735812827333,3.5197185216291413,87.10180531607206,85.42516413634995,86.60742569252501,86.95171968755395,87.34371834857936,85.92938866501166,83.69959591054076,83.65650127152233,83.55585566461609,83.51279359139201,92.77523965589677,92.72602893677708,92.69009578540413,92.6409284498081,103.35325225443437,104.16987768573549,101.69244757233456,101.68801759474198,107.31158428879932,83.39579822746636,83.4133460748509,106.98604223404953,103.75448653056608,91.74469027602858,91.76315187405686,103.77604482986904,102.05318809593197,103.47069408363822,101.40526862635025,101.4052686263502,96.69832117021446,96.69832117021447,95.35286108030449,92.53190766943219,95.35286108030454,92.5319076694322
12,1.4219420317699798,5.03435380787498,8.330779496705151,6.0665464254331,3.8020658634002524,3.5188749462635345,39.62344628591087,111.53411920508695,1.4303704604643928,1.4403638669858143,1.7733179070920342,3.43715541110883,14.529098077570536,1.4418214801558265,1.4521474259870992,1.7961585034756051,3.513902666663398,14.965059993353169,3.51903116891388,3.5189806753223105,87.11172010733061,85.43463697871738,86.61780723719603,86.96290955300238,87.35387281877925,85.93981524454475,83.7117228148635,83.66863394879891,83.56804561500223,83.52498932773526,92.7860782976633,92.7368734069063,92.70094644308391,92.65178493924249,103.36259693919672,104.17914452680121,101.70198024346695,101.6975512129975,107.32051908965671,83.40748624628189,83.42503042321245,106.99499929792076,103.76394144236046,91.75539911744971,91.77385755054483,103.78549676332011,102.06270411487537,103.48006694835115,101.4147791925803,101.41477919258031,96.70835332442921,96.70835332442924,95.36325012886198,92.54267040019583,95.36325012886202,92.54267040019565
