cycle no,1 Ascending aorta [mm^2],2 Aortic arch I [mm^2],3 Brachiocephalic [mm^2],4 R. subclavian I [mm^2],5 R. com. carotid [mm^2],6 R. vertebral [mm^2],7 R. subclavian II [mm^2],8 R. radius [mm^2],9 R. ulnar I [mm^2],10 Aortic arch II [mm^2],11 L. com. carotid [mm^2],12 Thoracic aorta I [mm^2],13 Thoracic aorta II [mm^2],14 Intercoastals [mm^2],15 L. subclavian I [mm^2],16 L. vertebral [mm^2],17 L. subclavian II [mm^2],18 L. ulnar I [mm^2],19 L. radius [mm^2],20 Celiac I [mm^2],21 Celiac II [mm^2],22 Hepatic [mm^2],23 Splenic [mm^2],24 Gastric [mm^2],25 Abdominal aorta I [mm^2],26 Sup. mesenteric [mm^2],27 Abdominal aorta II [mm^2],28 R. renal [mm^2],29 Abdominal aorta III [mm^2],30 L. renal [mm^2],31 Abdominal aorta IV [mm^2],32 Inf. mesenteric [mm^2],33 Abdominal aorta V [mm^2],34 R. com. iliac [mm^2],35 R. ext. iliac [mm^2],36 R. int. iliac [mm^2],37 R. deep femoral [mm^2],38 R. femoral [mm^2],39 R. ext. carotid I [mm^2],40 L. int. carotid I [mm^2],41 R. post. tibial [mm^2],42 R. ant. tibial [mm^2],43 R. interosseous [mm^2],44 R. ulnar II [mm^2],45 L. ulnar II [mm^2],46 L. interosseous [mm^2],47 R. int. carotid I [mm^2],48 L. ext. carotid I [mm^2],49 L. com. iliac [mm^2],50 L. ext. iliac [mm^2],51 L. int. iliac [mm^2],52 L. deep femoral [mm^2],53 L. femoral [mm^2],54 L. post. tibial [mm^2],55 L. ant. tibial [mm^2],56 Basilar [mm^2],57 R. PCA I [mm^2],58 R. PCA II [mm^2],59 R. PCoA [mm^2],60 R. int. carotid II [mm^2],61 R. MCA [mm^2],62 R. ACA I [mm^2],63 R. ACA II [mm^2],64 ACoA [mm^2],65 L. ACA II [mm^2],66 L. ACA I [mm^2],67 L. MCA [mm^2],68 L. int. carotid II [mm^2],69 L. PCoA [mm^2],70 L. PCA II [mm^2],71 L. PCA I [mm^2],72 L. ext. carotid II [mm^2],73 R. ext. carotid II [mm^2],74 L. sup. thy. asc. ph. lyng. fac. occ. [mm^2],75 R. sup. thy. asc. ph. lyng. fac. occ. [mm^2],76 L. superf. temp. [mm^2],77 R. superf. temp. [mm^2],78 L. maxillary [mm^2],79 R. maxillary [mm^2],80 L. superf. temp. fron. bran. [mm^2],81 R. superf. temp. fron. bran. [mm^2],82 L. superf. temp. pari. bran. [mm^2],83 R. superf. temp. pari. bran. [mm^2]
1,12.604742790142714,11.092068819348938,2.328458816297309,1.0049294532688637,0.6860569898932178,0.1739359231727455,0.30029159171811287,0.07746342510949297,0.14705247417847014,9.732659378180935,0.37997416334399986,8.15138121671327,6.044311965174373,0.5163625627375251,1.0049097459225655,0.253741560776113,0.3002867538237686,0.14705121017067535,0.07746298916208096,0.606818321967428,0.4316978789069158,0.39513698244792517,0.23080279600070977,0.15118242091712922,4.505902624850701,0.8093992062768397,3.96960685984054,0.43653228496392676,3.75186024137962,0.4365277106516407,2.889924119853252,0.20259137918643505,2.0066147153096066,0.8576732000608259,0.6665035429981867,0.12709107864568858,0.12764359318806406,0.27546644656627783,0.3728678493035608,0.28886282972304445,0.1975073610567785,0.0965719805352599,0.031566520255676,0.11534431402962535,0.11534379658705907,0.03156640386291822,0.337692942122096,0.028146404454817888,0.8576732000608259,0.6665035429981867,0.12709107864568858,0.12764359318806406,0.27546644656627783,0.1975073610567785,0.0965719805352599,0.06727559614551286,0.035061890668424946,0.03497278648231899,0.04451557113953733,0.1534279665065258,0.07609350316494842,0.05569171266714159,0.05001297068912076,0.0313589491766193,0.01127205748788518,0.03970607718251818,0.10417005575477722,0.14045617735194868,0.04450343788763879,0.04992548870788825,0.041220745218013694,0.11239679550164267,0.1127921730915738,0.015764199298066977,0.01577594993965124,0.07659623926064386,0.07680311254573834,0.01734389995776,0.01735767766964244,0.024286326642602045,0.02431001001628409,0.02428602054867149,0.02430968694578971
2,12.615425297050278,11.10146589692781,2.33001050155522,1.005761116556679,0.6864957346102982,0.1739593192232149,0.3003324374897555,0.07727220675425404,0.14686247992336082,9.740834599905318,0.38020703590899696,8.158202742438732,6.049268765729332,0.5165485754967342,1.005726865227971,0.2536753381621734,0.3003273765291414,0.14686139537948273,0.07727188791162407,0.6071509484886889,0.4318966469840766,0.39531794139789384,0.23088559728322758,0.15124445399533976,4.509586546245858,0.8098882732374892,3.9730038373170506,0.4367317533668735,3.7551785412130703,0.43672681713063405,2.8925145526718725,0.2027283140783329,2.0083751855133456,0.8582830631537041,0.6667381328662774,0.12711518044332673,0.1275938980638036,0.27536826989857904,0.373112376544676,0.28661119614062536,0.19725739917939386,0.09642105152844707,0.031541473807306736,0.11520355853211452,0.1152031099316335,0.0315413708378425,0.3350193892233631,0.028137947935502797,0.8582830631537041,0.6667381328662774,0.12711518044332673,0.1275938980638036,0.27536826989857904,0.19725739917939386,0.09642105152844707,0.06689990339519059,0.034901890867052435,0.03482852911717483,0.04430038072996552,0.15161865698410903,0.07543511603497399,0.05531213064792331,0.049667417275686805,0.03121922798929441,0.011213888862233583,0.03950363994870936,0.10310315113453275,0.13884854479036263,0.04428601765079343,0.0496740195661813,0.04101876878518802,0.11228534631721314,0.11284690125919285,0.015748670270478528,0.015765646089587516,0.07649180410168549,0.07678781809233291,0.01732565635249283,0.01734561696475731,0.0242508301969004,0.02428570039259091,0.02425035756899634,0.024285207324824695
3,12.48382871660836,10.98566116683272,2.3117316562192918,0.9959337609128356,0.6811368729195132,0.17298266823147004,0.2979613433476273,0.07687715996600902,0.1459278633302456,9.639244262024992,0.3772704498194063,8.073110111330505,5.986197108105232,0.5137119496631066,0.9959102046517111,0.25226969449245,0.2979578002797427,0.14592723655900827,0.07687701406960991,0.6022705114201037,0.42902415163878493,0.3928942201076002,0.22907601934357372,0.1501718939926997,4.462562536450627,0.8032405041528966,3.9315002998598416,0.4333616541399744,3.715900497225968,0.433356785818959,2.862232988347805,0.20096900409065638,1.9873578456137595,0.8504881515064502,0.6630397083253665,0.12657021087259185,0.1267219804662861,0.27359201179999,0.3701254149743998,0.2871616845054689,0.19647584143709226,0.0961036632356235,0.031451478860710085,0.1148253078209207,0.1148250551875919,0.03145141997066603,0.33548936424785286,0.028078668092203184,0.8504881515064502,0.6630397083253665,0.12657021087259185,0.1267219804662861,0.27359201179999,0.19647584143709226,0.0961036632356235,0.06693358272306477,0.03495668810112034,0.03487967084491037,0.0443479850937633,0.15212367801725485,0.0756496488532615,0.055440853942512684,0.049807532998862036,0.031271237973393304,0.011248247743319879,0.039575757735598176,0.10351875317929089,0.13941903546229764,0.044349746910515485,0.04975168996281685,0.04109339238630104,0.11125311204857266,0.11180311180449787,0.015713894049788586,0.01573068563872306,0.07593614492939924,0.07622667463599625,0.017284860926796042,0.0173045967498773,0.024179333736346294,0.0242138418096387,0.024178855729709032,0.024213345241337343
4,12.32992118376217,10.850229625268826,2.2903398454764865,0.9844389081048687,0.6748437361439754,0.17176713678751465,0.2952117070842817,0.07645869662291979,0.1448848639930831,9.520438805214097,0.373819859240517,7.973635130483244,5.912500257066997,0.5103821460687691,0.9844227405504032,0.2504047241308076,0.2952089010659838,0.14488442854629235,0.07645861067332932,0.5965517622660057,0.4256599064476013,0.3900587315258446,0.22695424317351098,0.14891590724300807,4.407665713859139,0.7954693340689253,3.8831099390964208,0.429413482465609,3.670139067513145,0.42940902843556195,2.826979587263666,0.19891714633555385,1.9628998064843377,0.841405782010561,0.6587140227111259,0.12593102110626744,0.12569682390562,0.27148722078934645,0.3666157306619462,0.2855498940250445,0.19552550201024768,0.09571442613831091,0.03135229597484941,0.11441461273184882,0.11441443732879383,0.031352255835560526,0.33357265356720334,0.028009694973975336,0.841405782010561,0.6587140227111259,0.12593102110626744,0.12569682390562,0.27148722078934645,0.19552550201024768,0.09571442613831091,0.0665600071706135,0.03485876882135011,0.0347837825828595,0.04419620743037466,0.1510231684422187,0.07529065931163323,0.055236842645090795,0.04965243891301696,0.031201668428516155,0.01124685893768807,0.03946398373606148,0.10290834394899388,0.13845320702244704,0.044199665192437704,0.04955936357925578,0.040958739321068395,0.11006505643708862,0.11058174020188569,0.015675707949223835,0.015691572231394675,0.0753018679302581,0.07557516354032538,0.017240025496794553,0.017258665958706405,0.024100486608341846,0.024133073186686782,0.024100026850353742,0.024132596021868697
5,12.212971039034231,10.747318082803055,2.2740688286898485,0.9757054245566722,0.6700565201390072,0.1708344292654223,0.29313181626073725,0.07616245837356775,0.1441165070327781,9.430155811094412,0.3711938409402896,7.89803472702345,5.856475600850259,0.5078453349496463,0.9756920973439285,0.24896116421488473,0.29312927892854257,0.1441161183236633,0.07616238113460587,0.5921970378520822,0.42309743734778604,0.38789823750500246,0.22534088479091202,0.14796027257110353,4.365922974968381,0.7895530448002516,3.84631678144422,0.42640818523881263,3.6353467777670865,0.42640392135315114,2.800174889456881,0.19735505236072756,1.9442993582406816,0.8344920288843525,0.6554136445722537,0.1254437070196529,0.12491973014017892,0.26987835023430995,0.3639468064659529,0.2840050689143133,0.19479912867577,0.09541633025474978,0.03127973425303874,0.11411917488981053,0.11411901696223606,0.03127969855820123,0.33176295373279374,0.027957721587723354,0.8344920288843525,0.6554136445722537,0.1254437070196529,0.12491973014017892,0.26987835023430995,0.19479912867577,0.09541633025474978,0.06622865105639142,0.03476413403505256,0.034691758600923134,0.044052471045027165,0.1499577006069923,0.07493550079266773,0.055033769400627645,0.04949189580434898,0.031130985462271776,0.011239339598321747,0.03935205368587044,0.10229884557920628,0.13749990842649845,0.044055126427032416,0.04937707217403063,0.04082953968795823,0.10917323345185855,0.10965556933828796,0.015647696429936683,0.015662577167020773,0.07482844246561825,0.07508383968506134,0.01720714486585929,0.0172246237116609,0.024043269817207745,0.024073835317558807,0.024042832342790418,0.02407338163810948
6,12.129149026544155,10.67355765979923,2.262392637417521,0.969443822590576,0.6666197651439519,0.17015956086479525,0.29163810796669604,0.07594741745754659,0.14356153371522262,9.365444479464488,0.36930823353508285,7.843843964522083,5.8163087751419695,0.5060197941083824,0.9694312127818393,0.2479085457419374,0.2916355622156018,0.14356111565492854,0.07594732689483052,0.5890684325441152,0.4212547101465282,0.3863443980121202,0.2241788972232369,0.14727223417518337,4.3359876620351745,0.7853017968012559,3.819930474111373,0.4242463738870778,3.6103964221997833,0.4242422129253802,2.7809533357073253,0.19623313657692232,1.9309597893100678,0.8295294349597181,0.6530399901260249,0.1250922783352692,0.12435811772980017,0.268721484062899,0.36203091839643564,0.28270172858958603,0.19427349383345766,0.0952005070723296,0.03122702724916457,0.11390421621487397,0.11390404996606113,0.03122698915234447,0.33022566252521135,0.02792027002749304,0.8295294349597181,0.6530399901260249,0.1250922783352692,0.12435811772980017,0.268721484062899,0.19427349383345766,0.0952005070723296,0.06596149353150027,0.03468277063049401,0.03461283475809957,0.043929866367086005,0.1490323556038749,0.07462201195017341,0.05485352727713098,0.049344883405816796,0.03106733709877354,0.011228126279696438,0.039253493510371336,0.10177019555366522,0.13667786869533788,0.04393250698757915,0.049224925224302045,0.040720851440295636,0.10853367729720724,0.10899115249528088,0.01562757009417945,0.01564172294465899,0.07448857277878855,0.07473091874441995,0.01718352510279506,0.01720014360394569,0.024001970374014307,0.024031015584814942,0.024001550937985953,0.024030580791471415
7,12.084145279061108,10.633960713168886,2.256122212350472,0.9660805328217209,0.6647712375980832,0.1697870304864343,0.2908531297498091,0.07585782972201005,0.14329818805505137,9.330713964712611,0.3682942649699655,7.814774429927978,5.794785082100466,0.5050492760073592,0.9660682944564264,0.24731355789087806,0.29085044498023654,0.14329768704518048,0.07585769899929708,0.5873997399486991,0.4202743514297162,0.38551739801448087,0.2235703654267935,0.14691035454402146,4.319969420528637,0.7830380927222717,3.805814218584113,0.42310135410771144,3.597045992600185,0.423097383295482,2.7706693211540325,0.19563564410313658,1.923830500857131,0.826881890453233,0.6517776459966909,0.12490794036943259,0.12407447809183088,0.268116510221975,0.3609999438318554,0.2816773641630529,0.19401576957973077,0.09509572581153442,0.031203397424676024,0.11381234170365279,0.11381213931981807,0.0312033510585182,0.3290197936012932,0.027900773321950248,0.826881890453233,0.6517776459966909,0.12490794036943259,0.12407447809183088,0.268116510221975,0.19401576957973077,0.09509572581153442,0.06577461239011004,0.034619045640580194,0.034549837381561574,0.04383287756116411,0.14827808424125544,0.07436086324875597,0.05470182007649922,0.04921601256332155,0.031012428315493185,0.011214150771671334,0.03917096402330965,0.10133294207866524,0.13600595896268697,0.043835182731892346,0.04910617348871311,0.04063682903024012,0.10820103723321221,0.10863600229482961,0.01561771640601219,0.0156312360978026,0.0743156083309169,0.07454637105888566,0.0171720054724598,0.01718788208208353,0.023983093746793766,0.024010917469233645,0.023982686780816553,0.02401049619847418
8,12.067178488037467,10.619031625775508,2.253752877734458,0.964811496310415,0.6640734704269512,0.1696467515938993,0.2905616573239651,0.07583044980185076,0.1432058328759905,9.317618899200545,0.36791111727979586,7.803807936659089,5.786656112790892,0.5046810850792752,0.9647980773062041,0.24708911514291598,0.2905587003570921,0.1432052228189719,0.07583027939649988,0.5867678801709186,0.4199020646199602,0.3852026504989116,0.22333874112455557,0.14677240360859464,4.313907496812803,0.7821774902489472,3.8004624835979595,0.42266656881332554,3.5919799027243666,0.4226626154266122,2.766764719569591,0.19540826024814403,1.9211229788310045,0.8258763933994393,0.651299025690321,0.12483776581570968,0.12396843800131098,0.26789550065396067,0.36061116515784236,0.2812693285733717,0.1939270513830629,0.09506108074946701,0.031195129817248302,0.1137819025937841,0.11378166192564824,0.031195073476596384,0.328538729321189,0.027893821785326667,0.8258763933994393,0.651299025690321,0.12483776581570968,0.12396843800131098,0.26789550065396067,0.1939270513830629,0.09506108074946701,0.06570205437377753,0.03459381937200866,0.03452487097026337,0.04379441452565336,0.14797815512374637,0.07425682861221326,0.054641165353122814,0.04916413922594683,0.030990389031948184,0.01120828093076934,0.03913800799976403,0.10115917423626047,0.13573901272271915,0.04379663321879259,0.04905945734094736,0.04060378043029919,0.10808178820784635,0.10850317801356162,0.015614489482551184,0.015627614917058483,0.07425504282491667,0.07447868266963645,0.01716825377708502,0.017183665131690968,0.02397717233687679,0.024004185387352665,0.023976775943686125,0.024003775478835306
9,12.072868739357327,10.624043924291882,2.2545467349915858,0.9652348202134108,0.6643057348290942,0.169687744359605,0.2906831339633802,0.07587498211734994,0.1432832352981643,9.322027362836952,0.3680390019875171,7.8075152739542,5.789431422725649,0.5048182474306243,0.9652219651893028,0.2471464332968837,0.2906801583433695,0.14328259351766334,0.07587479214600412,0.5869953461600022,0.4200390716163618,0.3853177454825954,0.22343679947227738,0.14682855491624416,4.316000550406066,0.7824893474812504,3.8023055194474624,0.4228331003216255,3.5937166343556144,0.4228293005680449,2.768102547573659,0.1954902684819781,1.9220610806213543,0.826233187101355,0.6514774123169849,0.12486734434939067,0.12402999099715127,0.2680006492943519,0.3607403275088411,0.2812041606171587,0.19400069987104665,0.09509382844912459,0.031204066139645572,0.113823513130466,0.11382325479696874,0.031204006175482364,0.32845731339269735,0.027897331453325347,0.826233187101355,0.6514774123169849,0.12486734434939067,0.12402999099715127,0.2680006492943519,0.19400069987104665,0.09509382844912459,0.06570167115256115,0.03459031088210567,0.03452075228682815,0.04378769910129454,0.14791477528837102,0.07423271021531608,0.05462651872160278,0.049149597900797544,0.030984542270942224,0.011205183417919335,0.03913045656220388,0.1011226074785829,0.13568556527430975,0.04379019752950157,0.049052851476130706,0.04059988487226591,0.10814022773968243,0.1085508476550001,0.015617183538443057,0.015630021625012966,0.07429100344673843,0.07450921387780843,0.017171465460090584,0.017186543189458347,0.02398423419053021,0.02401074161461425,0.023983842440166808,0.02401033711068433
10,12.09582988162454,10.64425092803521,2.257742144930016,0.9669478460767709,0.6652463711992166,0.16987121510487202,0.291109053157355,0.07595707979086642,0.1434644118872732,9.339761248210714,0.36855494915106135,7.822368384746346,5.800446365806172,0.5053237071145679,0.9669338020007215,0.2474295792831315,0.29110581808152103,0.14346367011129438,0.07595685370828505,0.5878585543343946,0.42054790703924844,0.3857456440744642,0.2237628344287375,0.14702032920587632,4.32420916675614,0.7836592695554772,3.809527653743787,0.42343321624885394,3.6005363217491473,0.4234294264696543,2.773354057367903,0.19579845904920162,1.9257106403395192,0.827596152164331,0.6521357228875949,0.12496613351092531,0.12419758454868939,0.26834214764122777,0.36126486973437966,0.2814857046155073,0.1941762549760456,0.09516910975896488,0.031222064261238965,0.11390141075131362,0.11390111742094304,0.03122199515723869,0.32879052102396256,0.027908606895837892,0.827596152164331,0.6521357228875949,0.12496613351092531,0.12419758454868939,0.26834214764122777,0.1941762549760456,0.09516910975896488,0.06576588931580778,0.03460825658525225,0.03453775257598518,0.043814305054266686,0.14810942828567633,0.07429763168694384,0.054663403089262486,0.049178408926178245,0.03099725027533076,0.011206482455174825,0.03915073401839907,0.10123226120733628,0.13585769110173604,0.043816691656573016,0.049086209894767585,0.040624093374169466,0.10833034158763875,0.10873539811809521,0.01562394230608343,0.01563662696404158,0.07439614392424157,0.07461146517958221,0.017179444372261703,0.01719434186439781,0.023999097546342114,0.02402530433135078,0.023998710425045488,0.024024905103338993
11,12.128978228679575,10.673424797952746,2.2623610285069744,0.9694221797949154,0.6666063305420695,0.17013933981745236,0.291719785015329,0.07607173946063098,0.14372260112925445,9.365367659957181,0.3693016343577838,7.843825959731895,5.816378295113889,0.5060593930281585,0.9694089905595811,0.2478497733869453,0.29171665122518226,0.14372187721071897,0.07607151455525112,0.5891117033248162,0.42128879622841114,0.3863697788908192,0.2242415966183422,0.14730181855903185,4.336105555315826,0.7853635371709599,3.8200077556749856,0.42430821896812304,3.6104377329239834,0.4243045475958157,2.780980819042694,0.1962477614658799,1.931013459467312,0.8295777777060959,0.6530927968189978,0.1251109847573113,0.12444414047024659,0.26883120984867825,0.36202294597194407,0.2820505847148357,0.19442801250480127,0.09527600132877292,0.031248090228068008,0.1140126751570136,0.11401238395823539,0.031248022240557283,0.32945563901524116,0.027924568087674077,0.8295777777060959,0.6530927968189978,0.1251109847573113,0.12444414047024659,0.26883120984867825,0.19442801250480127,0.09527600132877292,0.06588165408080572,0.03464446401939699,0.0345724714823674,0.043867594565820005,0.14851371984001732,0.07443601823850021,0.05474296422948725,0.04924411930215243,0.03102548388054332,0.011212457313788112,0.03919424013058977,0.10146493831873517,0.13621802159327476,0.04387015412934621,0.04915234697847083,0.04067219201706041,0.10860016676807324,0.10900126893441564,0.015633384031757135,0.01564597818076158,0.07454466227510353,0.07475808555400885,0.01719057080927039,0.01720536573410663,0.024019931943185645,0.024046022593984254,0.024019545741912028,0.024045624837410236
12,12.170948834937919,10.710359974884454,2.2682019743044437,0.9725543345858874,0.6683260064939469,0.17047737360488313,0.292485907112039,0.07620457257718258,0.14403216007534697,9.397779529275981,0.3702451720847849,7.870973087061817,5.836510587794851,0.5069799064701287,0.9725402887123377,0.2483766624541283,0.2924825780397602,0.14403136056105953,0.07620432011976946,0.5906862926349783,0.42221659497097225,0.3871507397094411,0.2248330151796053,0.1476504444868999,4.35111252502973,0.7875000211679021,3.8332208277346353,0.4254007881910274,3.622920846882589,0.4253971364295296,2.79059538860479,0.19681098520994328,1.9376926297755228,0.8320687384656905,0.6542915617157421,0.1252900413094686,0.12474180032419208,0.26944019326932794,0.3629817789020011,0.2826947226462564,0.19472915589539708,0.09540360018433643,0.0312783647399557,0.11414093186287219,0.11414061448581227,0.03127828989713211,0.3302184403916966,0.027944461693521577,0.8320687384656905,0.6542915617157421,0.1252900413094686,0.12474180032419208,0.26944019326932794,0.19472915589539708,0.09540360018433643,0.0660155167864758,0.03468507966774356,0.03461152996549151,0.04392846330895858,0.14897207711576152,0.07459149695632825,0.05483221349832299,0.049316777233844346,0.031056950758824673,0.011218106170379584,0.03924297283626149,0.10172551111180375,0.136623459554842,0.04393082136530022,0.049227454916702544,0.04072625956918185,0.10893706540542894,0.10933672918480301,0.015644851849948724,0.01565741464550706,0.0747281794897841,0.07494088393463359,0.017204077184113608,0.01721883611717038,0.024044526544215874,0.024070571697057928,0.024044142055776582,0.02407017616525822
13,12.214935654681542,10.749070478698235,2.2743254182007147,0.9758377379252868,0.6701299504421558,0.17083594054413515,0.2932875092126148,0.0763441652141816,0.144357729666772,9.431751733648019,0.37123539959704516,7.899433883706568,5.857630189540525,0.507948921483627,0.9758246043160556,0.24894317699584076,0.2932843343391786,0.14435697226503455,0.07634392490393228,0.5923415089648901,0.423193360735711,0.38797352849568517,0.22545937830678728,0.1480193813567256,4.366871155305934,0.7897496310072374,3.847103081635526,0.42655235850772205,3.6360385204311054,0.42654879186759936,2.800699305246034,0.19740419009539234,1.9447136319984157,0.8346881463215725,0.6555522880223873,0.12547940487148643,0.1250586698717083,0.27007809487998236,0.3639876088705296,0.2835497471792801,0.1950476090483354,0.09553820201840875,0.03131055012156913,0.11427689391354552,0.11427658928062476,0.03131047882454331,0.3312302482612556,0.027965233971194464,0.8346881463215725,0.6555522880223873,0.12547940487148643,0.1250586698717083,0.27007809487998236,0.1950476090483354,0.09553820201840875,0.0661824486852594,0.03473947909659244,0.03466403298397494,0.044009533258510765,0.14959687140325892,0.07480688113036671,0.054956391328090465,0.04942094782749512,0.031101399912825338,0.011228881892543095,0.039310484868551224,0.1020840910354659,0.13717706557988624,0.04401183240751416,0.049326663327957807,0.040797924791701926,0.10928930122305089,0.10968847590735327,0.01565685014631225,0.015669417561017487,0.07492006737566324,0.07513263447962701,0.017218197292890338,0.017232964530706423,0.02407040426149988,0.024096509136912123,0.024070019347281715,0.024096113566207052
14,12.261661188689747,10.79018987639525,2.280823250389215,0.979324253273619,0.6720431432758335,0.17121274941004452,0.2941365397850908,0.07648734143527866,0.14469630039978143,9.467834907290742,0.37228519827674067,7.929656509154171,5.880044161930043,0.5089715822920632,0.9793106123969314,0.24953236019237401,0.2941332385455869,0.14469549310929278,0.07648708280131511,0.5940927502946248,0.42422476429102735,0.3888417680442992,0.2261163722227617,0.14840675936617434,4.383580707675193,0.7921266254471874,3.8618178742993368,0.42776694173776725,3.64994204199127,0.42776340251718137,2.8114084428559525,0.19803100968656484,1.9521527175326496,0.8374606484353689,0.6568841844791807,0.1256780812339531,0.12538768860058117,0.27075185009224123,0.36505436226977933,0.28431089841131124,0.1953777384891502,0.09567772035259507,0.03134350378737786,0.11441570434024284,0.11441538278610876,0.031343428030890165,0.332132330992185,0.027987159072664834,0.8374606484353689,0.6568841844791807,0.1256780812339531,0.12538768860058117,0.27075185009224123,0.1953777384891502,0.09567772035259507,0.0663371248235044,0.034787338354507036,0.03471016768535164,0.044081428889937144,0.15014293285496022,0.07499266232280319,0.05506319030227935,0.04950864422406681,0.031139208779020277,0.011236324510222266,0.03936867157984923,0.10239475903985609,0.13765973516263788,0.044083470721643536,0.049414982029220546,0.04086141640815228,0.10966168445151772,0.11006135381406863,0.015669383512380224,0.01568197396425565,0.0751220810547012,0.07533493422776083,0.017232949035297644,0.017247744347992772,0.024097094438697172,0.02412326407543447,0.024096709940504387,0.02412286929551837
15,12.30520194385384,10.828506895497037,2.2868786331069244,0.982573853489946,0.6738274893295204,0.1715686368609161,0.2949263364322253,0.07662068383322787,0.1450118755590947,9.501459985696458,0.37326455139551645,7.957823572089794,5.900940852389714,0.5099268094193552,0.9825610150302737,0.25009681072032225,0.2949231935772784,0.1450111161424533,0.07662044095129453,0.5957272587542926,0.42518822064723927,0.38965318075533617,0.2267324004750024,0.1487697944146104,4.399168187145517,0.7943474542421747,3.8755488768330566,0.4289023517384855,3.6629173765115755,0.42889886670533706,2.821402513871671,0.19861670146852844,1.9590956740153525,0.8400484380572388,0.6581269992424222,0.125864113448416,0.12569698195064472,0.27137849359109,0.36604942979338195,0.28520600973537474,0.19568642206553047,0.0958079587839396,0.03137441166289192,0.11454564924893641,0.11454534390436831,0.03137434014249245,0.3331940745874444,0.02800753827032737,0.8400484380572388,0.6581269992424222,0.125864113448416,0.12569698195064472,0.27137849359109,0.19568642206553047,0.0958079587839396,0.06650838911044207,0.0348440585725567,0.03476503219386535,0.04416640880869301,0.15080280194579035,0.07522055259829938,0.05519465452718097,0.04961954677344307,0.031186387373923236,0.011248314611746486,0.03943995358607036,0.10277271666999921,0.13824283441631666,0.044168232386680197,0.04951834527641393,0.04093587971652812,0.11000817852128958,0.11040906518833021,0.015681049203777813,0.015693686899682303,0.075309994210863,0.0755235514123014,0.01724667041301555,0.017261523132975985,0.02412200258695803,0.024148301113683518,0.024121617227121063,0.02414790571107905
16,12.347163956777454,10.865434222201568,2.2927092403923437,0.9857043210787156,0.6755443167063535,0.17190716193660052,0.2956867246286333,0.0767470102862764,0.14531298118339872,9.533864428795484,0.3742066385086656,7.984965372270898,5.921070764769027,0.5108435663476218,0.9856912728164765,0.25062728152886177,0.29568351809631327,0.14531219558467795,0.07674675781058016,0.5972986923686611,0.42611329316309765,0.3904318775724443,0.2273216159539415,0.14911720002338696,4.41417609054373,0.7964808380657752,3.8887663672240094,0.4299919548022412,3.675406850735154,0.4299884990407024,2.8310227400889882,0.199179410167274,1.9657782017290042,0.8425376075148721,0.6593210567148297,0.12604208036929232,0.1259912743599351,0.27198140575212937,0.36700673943409784,0.28591568544744617,0.19598040138570746,0.09593202387264878,0.03140363348788404,0.11466836482298447,0.11466805106094195,0.03140355969949619,0.3340356503859449,0.0280271062343165,0.8425376075148721,0.6593210567148297,0.12604208036929232,0.1259912743599351,0.27198140575212937,0.19598040138570746,0.09593202387264878,0.06665065889576008,0.034888592057820196,0.03480800984408327,0.044233400440986344,0.15131470862056348,0.0753949365345763,0.05529494990421757,0.04970230545211654,0.031221963064670327,0.011255685898059172,0.039494512185116376,0.10306396561080396,0.13869504483841846,0.044234968878426525,0.04960041139413823,0.0409948365302904,0.11034138031639253,0.11074361044536815,0.01569219088151411,0.015704873234016727,0.07549032435830083,0.07570460115764512,0.01725977994018864,0.017274686049479834,0.024145639530713626,0.02417204379533286,0.024145253911526575,0.024171648371438103
17,12.382907216373729,10.896888735855219,2.2976758087322016,0.9883715108755697,0.6770080732550867,0.17219978864362284,0.2963329914154872,0.07685375742310278,0.14556830767576007,9.561466374882047,0.3750099607220671,8.008085359216437,5.938220383609729,0.511625228086904,0.9883590609055843,0.2510926802313609,0.29632991679603593,0.14556756392963827,0.07685351952962816,0.5986380907592512,0.42690207987564743,0.3910960470592271,0.22782498561605613,0.14941392101861323,4.426965755022144,0.7983003088945999,3.9000323343172254,0.43092136882877946,3.6860530311872455,0.43091794057612803,2.8392226397755493,0.1996592955235611,1.9714737395324076,0.8446588415886256,0.6603380303757646,0.12619393082287825,0.1262426136488489,0.27249293244844786,0.36782313032631375,0.2866790589742271,0.19622984232506632,0.09603709483666108,0.031428468626610785,0.1147724333708453,0.11477213455158608,0.031428398637501395,0.33494256422789814,0.028043724963247536,0.8446588415886256,0.6603380303757646,0.12619393082287825,0.1262426136488489,0.27249293244844786,0.19622984232506632,0.09603709483666108,0.06679466987774196,0.0349367902703501,0.03485471293162677,0.04430589692412047,0.1518806994758348,0.07559053893190744,0.055407811919890096,0.04979783908131979,0.03126251981239522,0.011266265239714282,0.03955559042202358,0.10338766369618783,0.13919428516457838,0.04430719062134091,0.049688236799013706,0.04105797538026675,0.11062457079238208,0.1110287609801944,0.015701640544500347,0.01571438546695483,0.07564340434034758,0.07585873312074849,0.01727089124656909,0.017285871936395136,0.024165673615400972,0.024192223147642942,0.02416528697698782,0.024191826813964718
18,12.414334350527337,10.924545144959206,2.3020396087561723,0.9907156542504503,0.6782930773331043,0.17245350521890035,0.29690117925026793,0.07694690665226268,0.14579195964486513,9.585735413922777,0.375715114719551,8.028413300588037,5.953297366370773,0.5123108404978438,0.9907032133922956,0.25149111844198474,0.29689809114523447,0.1457912090759129,0.07694666638221617,0.5998142781628663,0.42759420809431814,0.39167863989300433,0.2282658128652375,0.14967382704391408,4.438207214973342,0.7998973732532964,3.909933393283814,0.4317367559118624,3.6954091214535634,0.43173335326885637,2.846429461625837,0.20008062190616746,1.9764797691203912,0.8465227111236087,0.6612310807814517,0.12632694528036262,0.12646227516034114,0.2729431395565876,0.3685396848561774,0.28723033183438124,0.19644840885879217,0.09612919259270741,0.031450122431161756,0.11486311636491657,0.11486281598130445,0.03145005194113805,0.3355965693107818,0.02805830363809787,0.8465227111236087,0.6612310807814517,0.12632694528036262,0.12646227516034114,0.2729431395565876,0.19644840885879217,0.09612919259270741,0.06690377558970567,0.034971320277288075,0.03488807788425298,0.04435790594618057,0.152280252994546,0.07572681505478075,0.05548622713791375,0.04986282664876573,0.03129038436539765,0.011272294193948507,0.03959819093828311,0.10361504533870328,0.13954710691854727,0.04435899651908511,0.04975179561526822,0.04110360447019284,0.11087332363739746,0.1112791186916259,0.015709908477967195,0.01572270292664743,0.07577775862263329,0.07599393597425377,0.01728061740168777,0.017295657040486294,0.02418316188863503,0.024209823415031237,0.024182774567617367,0.024209426514249066
19,12.438425640641908,10.945745438286986,2.305384810600458,0.9925131269450751,0.6792791545556419,0.17265115525133098,0.2973353666166333,0.07701684999380994,0.14596138808505965,9.60433846233713,0.37625623588850093,8.04399451086915,5.964853124209504,0.5128361762616426,0.9925010500129887,0.25180635441993016,0.29733236871678453,0.1459606672228245,0.07701662052955825,0.60071558841692,0.42812455140497807,0.3921251179364428,0.22860351801495732,0.14987296141772108,4.4468232150309595,0.8011214259352262,3.9175225394340787,0.4323614908468615,3.702580866093014,0.4323580950587491,2.85195313584394,0.20040347776442227,1.9803157188674616,0.8479504068909391,0.6619145218718218,0.12642873770661386,0.12662985808564328,0.27328588393735026,0.36908971668987317,0.2877652245140374,0.1966136180101268,0.09619862018972758,0.031466483231654456,0.11493140235787776,0.11493111304225884,0.031466415498027527,0.33623300136910633,0.028069430544657756,0.8479504068909391,0.6619145218718218,0.12642873770661386,0.12662985808564328,0.27328588393735026,0.1966136180101268,0.09619862018972758,0.06700327679988795,0.035004972970821176,0.03492074792523766,0.04440872294322223,0.15267891949112058,0.07586470432188691,0.05556580886635122,0.049930403284023865,0.03131901990639177,0.011279927971621586,0.039641181267967916,0.10384275048844702,0.13989816023284282,0.044409562052099304,0.04981311820720141,0.041147600863091285,0.11106323221323598,0.1114711107415682,0.015716181247715198,0.015729037293749352,0.07588005735554554,0.07609732424469717,0.017287991050586416,0.017303103490884375,0.024196359952833375,0.02422315344387652,0.024195971583728774,0.024222755504479873
20,12.457072747327295,10.962155187674327,2.3079728888355415,0.9939038536083302,0.6800413400039069,0.17280201084411598,0.2976716036857259,0.07707092805635264,0.14609266008096078,9.618738376066242,0.376674513944548,8.056056266980056,5.973799730048731,0.5132425762034296,0.9938919181336021,0.25204399419789986,0.29766862614818534,0.14609194576436468,0.07707070121478471,0.601413225737803,0.42853496312017525,0.39247059737301054,0.2288648463220759,0.15002705060096824,4.453494487276049,0.8020688774390095,3.9233988340219903,0.43284502727940855,3.708133981251688,0.4328416500465438,2.856230692011001,0.2006534696602465,1.9832869719938848,0.8490563152513354,0.6624439190491364,0.12650753573969167,0.12675966150856685,0.2735521090307801,0.3695147435820796,0.2881098533645392,0.19674210127977643,0.09625262420601642,0.03147916046934045,0.11498427253568823,0.11498398626235715,0.0314790934345647,0.3366419791679836,0.028078029665772736,0.8490563152513354,0.6624439190491364,0.12650753573969167,0.12675966150856685,0.2735521090307801,0.19674210127977643,0.09625262420601642,0.06707029089969907,0.03502651599911285,0.03494160791686737,0.044441226279556184,0.152930102099164,0.07595056476477385,0.055615265255462905,0.049971629808481854,0.031336644111468956,0.011283948223644825,0.03966801341968013,0.10398583279743598,0.1401199217182026,0.044441940341115614,0.049852719867748314,0.041175999773386436,0.11121016273976964,0.11161952901197449,0.015721025024601723,0.01573392532056372,0.07595921822260934,0.07617726834917925,0.017293687904772793,0.017308852902563676,0.02420656794939731,0.02423345899417476,0.024206178678530664,0.024233060173433536
21,12.468999508302405,10.972650419643058,2.309628127009942,0.9947936597285385,0.6805294157915307,0.1729003547256176,0.29788541491650955,0.07710371806580177,0.14617417513091152,9.627947315194271,0.37694231836537884,8.06376837673138,5.979517814406635,0.5135016799634943,0.9947818759689911,0.2522016137532699,0.29788248382469884,0.14617347693289365,0.07710349743703543,0.6018584601392672,0.42879664803453943,0.3926908677215719,0.22903076818397766,0.15012497188138801,4.457756229593767,0.8026732416155697,3.9271522968911565,0.433153052795524,3.711681082149593,0.43314966898581025,2.858962531442116,0.2008128686679726,1.9851834789031226,0.8497615984111583,0.6627809549175805,0.12655752435814135,0.1268410615387617,0.27372012548561553,0.36978702657855095,0.28839300165933013,0.1968213539511547,0.09628576616095057,0.031486931937983915,0.11501643811182045,0.11501615821139373,0.031486866447648316,0.3369797392502986,0.02808348165164735,0.8497615984111583,0.6627809549175805,0.12655752435814135,0.1268410615387617,0.27372012548561553,0.1968213539511547,0.09628576616095057,0.06712181518724075,0.035044255685721254,0.034958873723741235,0.04446816876500342,0.1531428333467943,0.0760243143480544,0.05565785502951695,0.050007980094022776,0.031352008333199316,0.011288185136363402,0.03969096059103461,0.10410712227042514,0.14030672539925007,0.044468696764365524,0.04988502122122402,0.04119911300913604,0.11130328853553108,0.11171441893526726,0.01572404440053163,0.015736994349077084,0.0760090790675216,0.07622803740501083,0.01729723541610852,0.017312458747311358,0.024212831201145937,0.024239822198243773,0.02421244100287425,0.024239422397954288
22,12.475846770898023,10.97867610476565,2.3105783455388766,0.9953043172957512,0.6808093357292239,0.17295618382877553,0.2980080985544185,0.07712236696248972,0.14622098385050325,9.633235041529591,0.3770959637753447,8.068197811641607,5.982803865469668,0.5136508206369432,0.9952927245826366,0.25229030149421106,0.2980052039739358,0.1462202988903133,0.07712215143302846,0.60211465619455,0.42894733881156233,0.3928177652530438,0.22912660361336798,0.1501815115104446,4.46020723464387,0.8030213332159155,3.929311699392492,0.43333055052301317,3.713721969751533,0.43332717726186504,2.8605347183049226,0.20090474041852147,1.986275518075805,0.8501679352412753,0.662975272546938,0.12658641044202715,0.12688825606459816,0.2738171329044309,0.36994311946533515,0.2885378457301619,0.19686743049320848,0.0963049903004626,0.03149142632990372,0.11503494498137969,0.11503467027662626,0.031491362116292776,0.3371517034570767,0.028086596912248997,0.8501679352412753,0.662975272546938,0.12658641044202715,0.12688825606459816,0.2738171329044309,0.19686743049320848,0.0963049903004626,0.06714880906988845,0.035053277461388824,0.03496765739831497,0.04448183425391649,0.15324963864826177,0.07606105304998766,0.055679082065891713,0.050025910652451946,0.031359628521915005,0.011290120628972045,0.03970244957029213,0.1041681551370807,0.1404010157850186,0.044482313972959396,0.04990155648839311,0.0412109381149755,0.11135656400643654,0.11176881098041667,0.015725762402946604,0.01573874472927012,0.07603760033151633,0.07625714574095839,0.017299254889053102,0.01731451661692781,0.024216415425134804,0.02424347629810924,0.024216024341555994,0.02424307557318871
23,12.477838892185773,10.9804287658916,2.310854475019555,0.9954529584722437,0.6808909465431415,0.1729732705242179,0.29804251757604655,0.07712564430020474,0.14623180117411,9.634772282147607,0.3771407090741374,8.069484069234417,5.983755699790825,0.5136931475348555,0.9954413610891026,0.25231858913797717,0.29803963324002686,0.14623112068366126,0.07712543086874019,0.6021880394156655,0.4289901737152096,0.39285380287987043,0.2291528862406638,0.15019713413015534,4.460914673233431,0.8031205739218991,3.9299343272144855,0.43338063597981125,3.7143104551660597,0.4333772499733226,2.8609877860605026,0.2009308962915895,1.986589297484784,0.8502840960616797,0.6630302745768694,0.1265943281160451,0.12690003304973055,0.27384332317452414,0.3699886800628504,0.2886071741809454,0.196877730887549,0.0963090985239704,0.031492339757695484,0.11503837942548095,0.11503810688298906,0.0314922760259008,0.3372354518815628,0.028087446753652587,0.8502840960616797,0.6630302745768694,0.1265943281160451,0.12690003304973055,0.27384332317452414,0.196877730887549,0.0963090985239704,0.06716019760609167,0.035057562246618434,0.03497186496082807,0.04448850105119686,0.15330363126197452,0.07608001692312684,0.05569006429629392,0.05003549358178244,0.031363638374486934,0.01129139095175822,0.03970830266752032,0.10419869751721716,0.14044780311759797,0.044488870284602446,0.049909301039962294,0.04121642516230945,0.11137106434762677,0.11178448764572668,0.015726166779926363,0.015739180626045957,0.07604501283519308,0.07626515465043571,0.017299727825181195,0.01731502633454336,0.024217145095829055,0.024244264819664605,0.024216753354335804,0.024243863361583594
24,12.476158189146625,10.978949704401227,2.310621415313936,0.99532763276123,0.6808224197240764,0.17296028966585159,0.29801120711210877,0.0771191550273906,0.14621812382221164,9.633474455554472,0.377103143232237,8.068397381103042,5.982950483756403,0.5136565162149546,0.9953162100991367,0.2522991203127555,0.2980083599706685,0.14621745729493768,0.07711894691167867,0.6021252916703201,0.4289532585630922,0.39282280318542473,0.22912921031889624,0.1501832224166634,4.4603151692321115,0.8030355604907357,3.9294068960451813,0.4333370588754871,3.713812360712554,0.43333367643643095,2.8606042353748475,0.20090849304992156,1.9863228552186531,0.8501848520919261,0.6629826150223364,0.12658719102967797,0.12688773827127953,0.27381839659114204,0.36995045800652754,0.2886005280889285,0.19686473886311015,0.09630344971892867,0.03149098673023788,0.11503241607693337,0.11503214874295556,0.031490924305663075,0.3372276622582436,0.028086618839061116,0.8501848520919261,0.6629826150223364,0.12658719102967797,0.12688773827127953,0.27381839659114204,0.19686473886311015,0.09630344971892867,0.06715734820831427,0.035057108866190526,0.034971490362805065,0.044487887674504185,0.15330038920113268,0.07607923573565875,0.05568970682477244,0.05003551179055906,0.03136358816199597,0.011291641426673158,0.03970807441979393,0.1041971253080967,0.14044493925373716,0.04448826480609276,0.04990840004886697,0.04121573606261466,0.1113569219633525,0.11177097575141443,0.015725650992379377,0.01573868254867838,0.07603715896762797,0.0762576320767411,0.017299119688971763,0.017314439157468657,0.02421600950873936,0.02424316627987175,0.02421561710239561,0.02424276409295265
25,12.471952569406419,10.975248402350639,2.310037403680906,0.9950139088567391,0.6806504669897214,0.1729264987047994,0.2979341152941429,0.07710468983083628,0.14618568777239208,9.630225967174908,0.3770087494088945,8.065675421305178,5.980929852554017,0.513563924496302,0.9950023934413074,0.2522461553097517,0.29793125497835854,0.14618501791278954,0.07710448092919396,0.6019670156483881,0.42885985088035966,0.39274415808288154,0.22906881882802585,0.15014773157986613,4.458806560194091,0.8028202235082301,3.9280776347239925,0.43322665605346267,3.7125563005977478,0.4332232605137784,2.8596366550932233,0.20085167298029963,1.985650146515231,0.8499340072611876,0.6628621030968621,0.12656900059916848,0.126856638111766,0.2737567013791419,0.36985457205049893,0.28852989154574327,0.19683294034731152,0.09628989366295101,0.03148773924689981,0.11501851692920075,0.11501824879873382,0.03148767657393544,0.3371448666685796,0.028084617740766846,0.8499340072611876,0.6628621030968621,0.12656900059916848,0.126856638111766,0.2737567013791419,0.19683294034731152,0.09628989366295101,0.06714289281952136,0.035052615374937764,0.03496715832324709,0.04448126897938463,0.15324989844626838,0.07606207616800756,0.05567983656198321,0.05002736804231617,0.03136009228885735,0.011290904619269808,0.039702670426844784,0.1041679925991776,0.1403997290563722,0.04448160146366352,0.04990012468415645,0.04120974951811608,0.11132270405383665,0.11173729210630197,0.01572445593637257,0.01573750042438505,0.0760183784005486,0.07623911423299416,0.017297712667104736,0.01731304699213368,0.024213385965052563,0.02424056258324436,0.024212993234758257,0.024240160003214804
26,12.46584274966391,10.969871652284981,2.3091897179745016,0.9945582676544112,0.6804009185771459,0.17287761797719553,0.29782306984465007,0.07708554532354639,0.14614105071527006,9.625507827800522,0.3768718377150551,8.06172375353291,5.977999511774493,0.5134308051463307,0.9945468728511198,0.2521700050591838,0.29782023750219216,0.14614039162182943,0.07708534048382079,0.6017385839733566,0.4287254782951991,0.39263111523042177,0.22898310425007945,0.15009723600534175,4.456622318172989,0.8025101766414363,3.9261542508316096,0.43306825847759256,3.710738995091255,0.4330648616853929,2.8582369093974815,0.20076988850522448,1.9846778515485632,0.8495720824247311,0.6626887524593531,0.12654316259113121,0.12681359759774413,0.2736686810361321,0.3697154033114626,0.288438272348399,0.19678962943709125,0.09627152689722783,0.031483401004821984,0.1150001399603945,0.11499987569799787,0.03148333931852184,0.3370362389829731,0.02808175493350833,0.8495720824247311,0.6626887524593531,0.12654316259113121,0.12681359759774413,0.2736686810361321,0.19678962943709125,0.09627152689722783,0.06712372299444938,0.0350468583251636,0.03496163907032589,0.04447264374353335,0.15318451016710857,0.0760400206253304,0.05566721468493313,0.05001712357709491,0.03135566287705431,0.011290122668904102,0.03969579313521352,0.10413098667835027,0.14034199180386256,0.04447301320786014,0.049889479464759634,0.04120207923239597,0.11127377471282589,0.11168854602506133,0.01572280025888558,0.015735849282496855,0.07599181331030247,0.07621264507522531,0.017295763974793953,0.01731110361952808,0.024209853201904406,0.02423703802521393,0.024209460115456237,0.02423663502724084
27,12.45923110684097,10.964053167355232,2.3082717757806255,0.9940650313361117,0.6801304720498098,0.17282387640904373,0.29770304896228167,0.07706482900340232,0.1460926242742147,9.620401728792851,0.37672340578112906,8.057446290180803,5.974825842597013,0.5132860703110586,0.9940535171293348,0.25208492318914155,0.29770019354473987,0.14609195827530924,0.07706462195129152,0.6014906221650876,0.42857939910734155,0.3925081350232509,0.22888945781850895,0.15004210038751786,4.454254641074698,0.8021731597360393,3.9240684512963404,0.43289591465174027,3.7087679796853976,0.43289250782850514,2.856718724062712,0.2006809797141914,1.983623016969185,0.8491791966263452,0.6625004227184716,0.12651495042154035,0.12676636333180746,0.2735733817849849,0.3695645666379925,0.2883070145961858,0.1967423130472387,0.09625151667677627,0.03147864739060543,0.11498006573567024,0.11497979920894293,0.03147858510646799,0.33688101931952624,0.028078663543603055,0.8491791966263452,0.6625004227184716,0.12651495042154035,0.12676636333180746,0.2735733817849849,0.1967423130472387,0.09625151667677627,0.06709844016744133,0.03503857933249875,0.03495361204504495,0.04446024938436683,0.15308822672892264,0.07600695019985301,0.05564814858501168,0.05000109939452941,0.03134884185109624,0.011288449652013584,0.03968544280633671,0.10407575750947073,0.14025663448859746,0.044460620675888095,0.04987431109168441,0.04119117234273774,0.11122094861124751,0.1116357477457886,0.01572101292964983,0.01573406084749532,0.07596312612202069,0.07618396103605686,0.017293661374988438,0.017308999416508472,0.024206018215755326,0.024233195262988057,0.024205625088035917,0.02423279217591214
28,12.452232462479852,10.957894242533257,2.307300591820705,0.9935430839946817,0.6798445187805738,0.172767606606505,0.2975762620654091,0.07704358432941676,0.14604226945372703,9.614997187443018,0.3765665034141323,8.052919556935544,5.971468717588175,0.5131335570063187,0.9935316284354403,0.25199683246537974,0.2975734220578066,0.14604160962864302,0.07704337957130522,0.6012288783728044,0.4284254241954103,0.3923785672827717,0.22879131558268379,0.14998426152570604,4.451751890233247,0.8018178173848607,3.9218643391088865,0.43271445287273547,3.7066852951057387,0.4327110423847486,2.85511452240782,0.2005872370252323,1.9825087113198887,0.8487644181342966,0.662301792784605,0.12648536140814368,0.12671730774378775,0.2734729330592394,0.3694051000497473,0.2881914516265375,0.1966932868131334,0.09623080412752955,0.031473765896341516,0.1149595187860128,0.11495925435681285,0.031473704160623416,0.3367439624647283,0.028075405694333574,0.8487644181342966,0.662301792784605,0.12648536140814368,0.12671730774378775,0.2734729330592394,0.1966932868131334,0.09623080412752955,0.06707509330463579,0.035031337062349524,0.03494663389978446,0.04444936169481645,0.15300490986747617,0.07597866460902464,0.05563190837908453,0.04998774169522212,0.03134309891433779,0.011287288035743692,0.03967661213600438,0.10402844663278178,0.14018305989088561,0.04444977602442388,0.04986095472690242,0.04118157159991759,0.11116528163413165,0.11157996457603206,0.015719149804074215,0.015732193634279513,0.07593299860533266,0.07615377183818452,0.017291469087068256,0.017306802224999827,0.02420206209814125,0.02422922889635464,0.024201668884203557,0.024228825678194853
29,12.446010357933378,10.952418675810348,2.306436722378884,0.9930788888693218,0.6795899426572057,0.17271680841005554,0.29746371384410664,0.0770247968766694,0.14599758891955927,9.610192210765886,0.37642679181221017,8.048894697592237,5.968483042216798,0.5129976133545368,0.9930673296688081,0.2519161215722862,0.2974608513077551,0.14599692200872008,0.07702458970062549,0.6009958036565477,0.42828819882155006,0.3922630425300198,0.22870362727116686,0.14993259660499392,4.449525081186118,0.8015011548540593,3.919902780752778,0.43255267059337354,3.7048316594253374,0.4325492542400867,2.853686799661087,0.20050370510535626,1.9815169630207246,0.8483951661506053,0.6621249151125922,0.12645893893902588,0.12667342632423537,0.2733838121529182,0.36926310627528636,0.2880608938585023,0.19664966632036232,0.09621241471220393,0.03146941416803013,0.11494124517683335,0.11494097826891579,0.03146935179762397,0.33658916260041155,0.028072514415300412,0.8483951661506053,0.6621249151125922,0.12645893893902588,0.12667342632423537,0.2733838121529182,0.19664966632036232,0.09621241471220393,0.06705040616253866,0.035023121184264844,0.034938655243994546,0.04443700325094248,0.15290842036300697,0.07594541782872052,0.05561272809667836,0.049971538399083665,0.03133621734682253,0.011285535182385863,0.03966622457977381,0.10397319101286452,0.14009776850090516,0.044437444772110854,0.04984592718825606,0.04117078481726813,0.11111589989698448,0.1115303289434255,0.01571749897389323,0.015730534373831682,0.07590628816708624,0.0761269230560678,0.017289527693218856,0.01730485072056054,0.02419855247349614,0.024225698545550418,0.024198159381549938,0.024225295425345676
30,12.440349082379443,10.947436659838258,2.3056510008511357,0.9926566664377602,0.6793585725499737,0.17267115285953252,0.2973613413280497,0.07700793126867228,0.14595721494666491,9.605820400727925,0.37629983051529853,8.045232873594028,5.965767178940292,0.5128742159595949,0.9926451164372505,0.25184444195848243,0.2973584833350681,0.14595655011256903,0.07700772483454221,0.6007840240540221,0.42816360958224975,0.3921581854414155,0.22862425056656593,0.14988580634885218,4.447500203276224,0.8012136065130269,3.918119402354074,0.43240586211526577,3.7031464706863937,0.432402441663945,2.8523887473833227,0.2004278429784715,1.9806153141975293,0.8480595370888808,0.6619641913483255,0.12643500355033718,0.12663385266241187,0.27330271523660804,0.3691340813986396,0.28796228663822776,0.1966102627480014,0.09619580268948899,0.031465505728934376,0.11492485714011873,0.11492459082285536,0.03146544352653898,0.3364721986562235,0.028069888411868863,0.8480595370888808,0.6619641913483255,0.12643500355033718,0.12663385266241187,0.27330271523660804,0.1966102627480014,0.09619580268948899,0.06703084790317261,0.035016948996887155,0.0349326929078381,0.044427708489359896,0.15283696439992184,0.07592107729853485,0.055598729598831664,0.049959948529971016,0.03133124805176404,0.011284467180185656,0.039658620316206795,0.10393254398834413,0.14003466379281226,0.04442818509196466,0.049834560375462154,0.04116262401095131,0.1110710425500198,0.11148522895698189,0.01571600687939404,0.015729034749036558,0.07588205412170188,0.07610256091257189,0.01728777225679187,0.017303086312929143,0.024195393371507307,0.024222522214899813,0.0241950003569627,0.024222119147909223
31,12.435963632343393,10.943577444070991,2.305042128296635,0.9923294847200633,0.6791791073698823,0.17263522269370987,0.2972822374611891,0.07699508473398366,0.1459262210334909,9.60243392385966,0.37620134544499184,8.042396405071656,5.963663377991353,0.5127785473202295,0.9923178665853093,0.2517871910919203,0.29727936314729414,0.14592555090582449,0.07699487641547216,0.6006199021131959,0.4280670282701244,0.3920768784100572,0.228562692096546,0.1498495159930296,4.445931467595236,0.8009906945958789,3.9167376158706504,0.4322920620701184,3.7018406986005075,0.4322886394230737,2.8513830328583585,0.20036904524640517,1.9799168351500125,0.8477995502441583,0.6618397191027123,0.1264164513000514,0.12660324032760137,0.27324020063163745,0.36903397697882534,0.2878662745914155,0.19658000888695798,0.0961830788779802,0.03146250650624313,0.11491232268796273,0.11491205442969826,0.03146244381805511,0.33635812477223537,0.02806786014674418,0.8477995502441583,0.6618397191027123,0.1264164513000514,0.12660324032760137,0.27324020063163745,0.19658000888695798,0.0961830788779802,0.0670129392315604,0.03501091652824644,0.03492682869096726,0.04441860268588415,0.15276560953960688,0.07589643290264383,0.055584506165738796,0.04994788843654696,0.03132613447493249,0.011283129753067684,0.03965093084059082,0.10389173664081428,0.13997173158858672,0.044419113906744925,0.04982354204788729,0.041154724580505765,0.11103641546463366,0.11145027281490015,0.01571486010195219,0.015727878110176015,0.07586338287129389,0.0760837166874984,0.017286423991654636,0.017301726363548136,0.02419297400991763,0.0242200812309848,0.024192581163320428,0.024219678326614473
32,12.432508115121067,10.94053653152714,2.3045624867186514,0.9920717650262352,0.6790378517569966,0.1726072654162061,0.2972198699450485,0.07698499165274665,0.14590180318652604,9.599765448166512,0.37612382754108614,8.04016123175429,5.962005494389805,0.5127032129985972,0.9920601271035171,0.251743160991892,0.29721699320720385,0.14590113241166988,0.07698478306700543,0.6004906026164963,0.42799095911012836,0.39201284670021813,0.22851424686217917,0.1498209529593644,4.444695261037368,0.8008151111419877,3.915648774616375,0.43220243763291544,3.700811772301262,0.4321990116694419,2.8505904649706677,0.20032271912522973,1.9793663001745656,0.8475946157278111,0.6617415853399516,0.12640184115358916,0.12657914956609176,0.27319078905784605,0.3689552062675967,0.28780267519147684,0.19655610453165762,0.09617302169373733,0.03146014615250947,0.1149024663490872,0.1149021977383336,0.031460083387158506,0.3362826734723844,0.028066262982301464,0.8475946157278111,0.6617415853399516,0.12640184115358916,0.12657914956609176,0.27319078905784605,0.19655610453165762,0.09617302169373733,0.06700055232982237,0.03500694003596125,0.034922978180439004,0.04441260490696796,0.15271928893930736,0.07588060337317304,0.05557538826236546,0.04994029195021,0.0313228859458637,0.01128239235526716,0.03964598261247493,0.1038653440773786,0.13993082329512177,0.04441313782032617,0.04981622976169312,0.04114948052698613,0.11100913897409694,0.11142275927849937,0.015713958387332274,0.01572696929758904,0.0758486735467143,0.07606888247660822,0.017285363308220468,0.017300657240070252,0.02419107083560339,0.024218162256719928,0.024190678123954226,0.02421775948027377
33,12.430265502227039,10.938563066440203,2.304251154922121,0.9919044512981443,0.6789460598256494,0.17258879786055922,0.29717958054094684,0.07697870923734905,0.14588631611141045,9.598033797104334,0.3760734592477801,8.038710964155245,5.960930062860465,0.5126544058865701,0.9918927821154495,0.251713610237642,0.29717669512582356,0.1458856424277948,0.07697849955461446,0.6004067920418598,0.4279416766835411,0.3919713602455395,0.22848294964977536,0.14980248787628483,4.443893599350195,0.8007013310245117,3.9149427183049768,0.43214441370327905,3.700144554298207,0.43214098799959083,2.850076590676916,0.20029270969923463,1.9790094998952197,0.8474618664608697,0.6616780829649277,0.12639240746898966,0.12656372585204625,0.27315903059789315,0.3689040010856064,0.28775052875302054,0.19654098129021116,0.09616668200927306,0.03145866216435427,0.11489630871084541,0.11489603896349689,0.03145859912190319,0.3362205407712803,0.02806523259363982,0.8474618664608697,0.6616780829649277,0.12639240746898966,0.12656372585204625,0.27315903059789315,0.19654098129021116,0.09616668200927306,0.06699100665158086,0.03500367096280925,0.034919796273624557,0.044407646811640666,0.15268023765340316,0.07586707469886063,0.05556757642539452,0.04993363608239423,0.031320070033816955,0.011281630027312082,0.03964176955481499,0.10384305422424914,0.13989648804312674,0.044408209553772574,0.04981027067506083,0.04114521516048391,0.11099155536481507,0.11140490357110022,0.01571338373163814,0.01572638693407255,0.07583923464162315,0.07605930319569862,0.01728468794681984,0.01729997280913671,0.024189872477553255,0.024216948168949235,0.02418947990441386,0.024216545536794972
34,12.428909949024497,10.937370155309038,2.30406298254193,0.9918033531203148,0.6788906276741875,0.17257775313336382,0.2971552137156345,0.07697491604231978,0.14587692316611373,9.59698696657114,0.3760430343488748,8.037834059423188,5.96027952451147,0.5126248451231051,0.9917916538087788,0.25169609387544634,0.29715232282009796,0.14587624758716689,0.07697470563775918,0.6003560424016967,0.4279118197163365,0.3919462202726078,0.2284639469917748,0.14979127997283098,4.443408404070615,0.8006323943051649,3.9145153047374617,0.4321092417496092,3.699740634157115,0.432105813971195,2.8497654436286433,0.2002745183901899,1.9787933628836043,0.8473814101105906,0.6616395634485243,0.12638667607321813,0.12655432508441797,0.27313971070150006,0.36887309015547437,0.2877225497849264,0.19653171338820222,0.0961627984629706,0.031457757044891475,0.11489256331213424,0.11489229280640324,0.03145769381776253,0.3361873360997144,0.028064610676179366,0.8473814101105906,0.6616395634485243,0.12638667607321813,0.12655432508441797,0.27313971070150006,0.19653171338820222,0.0961627984629706,0.06698574805479089,0.035001925361799614,0.034918098548025474,0.044405006134278745,0.15265965989324973,0.07586000081199006,0.055563490521984706,0.04993019256962792,0.031318604702948394,0.011281264703348538,0.039639556338126956,0.10383129457040448,0.13987831462946818,0.04440557769404329,0.049807070352108886,0.04114292463742435,0.11098093628823853,0.11139412221261778,0.015713037149716582,0.015726035644339404,0.07583352991009693,0.07605351317545894,0.017284280407327324,0.017299559679528998,0.02418914600008003,0.024216211435066463,0.024188753548352798,0.024215808928137
35,12.428420006637438,10.93693905808151,2.303995021539779,0.9917668035991751,0.6788705613823959,0.17257362022385056,0.2971465760119289,0.07697383374402161,0.14587390653524204,9.596608763102248,0.37603202810728775,8.037517453777774,5.960044976483572,0.5126143049552968,0.9917551008902014,0.2516893471267808,0.29714368285854653,0.14587323010252878,0.07697362297047812,0.6003378544680573,0.42790116577957626,0.39193725471601415,0.22845729605849077,0.14978734178224437,4.443233821268909,0.8006077573578722,3.914361620744114,0.43209674118712865,3.699595405453458,0.43209331483598973,2.8496536154143692,0.20026802282524792,1.9787158071587498,0.8473526170829766,0.6616258469603599,0.12638467053794233,0.12655118915323194,0.27313297736806874,0.3688618914894481,0.2877078878094821,0.19652875343526674,0.09616157760791352,0.031457483375063905,0.11489147402510214,0.11489120312660063,0.03145742005887318,0.3361696883865466,0.02806439231223038,0.8473526170829766,0.6616258469603599,0.12638467053794233,0.12655118915323194,0.27313297736806874,0.19652875343526674,0.09616157760791352,0.06698324734178472,0.03500101390142479,0.034917207354372225,0.044403599926052584,0.15264837875489362,0.07585605262330977,0.05556120715999987,0.04992821501482211,0.031317774370175695,0.011281014056098673,0.03963833516689099,0.10382489970746697,0.13986850244784718,0.044404190971127605,0.04980542088596269,0.04114175100296357,0.11097721564207962,0.11139024116316795,0.01571292322040081,0.015725917478719792,0.07583157546947393,0.0760514778267498,0.017284146773751074,0.01729942110568918,0.024188923023912453,0.02421598062339063,0.024188530650753035,0.02421557820495435
36,12.428565112109972,10.937066749591443,2.3040151594952696,0.991777631689611,0.6788764723332082,0.17257469484301355,0.29714931508311127,0.07697445972187271,0.1458751567347356,9.596720783355362,0.37603526553841377,8.03761120866571,5.960114360852395,0.5126174586729452,0.991765901200537,0.25169088119248456,0.2971464162729072,0.14587447825702213,0.07697424818148278,0.6003432480862578,0.4279043398452991,0.39193991754267327,0.2284593290709215,0.14978853617221496,4.443285402364903,0.8006150561961486,3.9144069866335536,0.4321004849773732,3.699638247567942,0.43209705772254253,2.8496866006642314,0.20026994470799933,1.9787387061201327,0.8473611404475693,0.6616299373842249,0.12638528335881655,0.12655225722569946,0.27313511849402977,0.3688651881959522,0.28770663401035707,0.19652987771152355,0.09616206855691027,0.031457607577058636,0.11489203470200639,0.11489176303670728,0.03145754406865838,0.336168185020229,0.028064464829607668,0.8473611404475693,0.6616299373842249,0.12638528335881655,0.12655225722569946,0.27313511849402977,0.19652987771152355,0.09616206855691027,0.06698324962278275,0.03500094035512042,0.0349171267106318,0.04440347910542942,0.15264720436420404,0.07585559786525763,0.055560930853513005,0.04992793391247137,0.031317663607108505,0.011280946468253415,0.03963819070749719,0.10382418621661336,0.1398674656934363,0.04440406966518702,0.049805298399077824,0.04114166894487007,0.1109784558884591,0.11139141047247951,0.015712969501117228,0.01572596183267591,0.07583227023396265,0.07605213551187716,0.017284201378457608,0.01729947342666487,0.024189026801838823,0.024216080366338186,0.024188634503732414,0.024215678031319823
37,12.429166329520266,10.93759586661413,2.3040987020720043,0.991822493234724,0.6789010660778259,0.172579518664263,0.29716031850884705,0.07697650413599577,0.14587976321154528,9.597185149975589,0.37604876641726254,8.038000293347231,5.96040316089707,0.5126306964610089,0.9918107750380674,0.251698426389568,0.2971574215102272,0.14587908523761936,0.07697629272579716,0.6003658672597199,0.42791769251956674,0.39195116228689214,0.22846795097512598,0.14979360576728432,4.443501002230555,0.8006458336906161,3.914596979003394,0.4321162584659954,3.6998177957047313,0.4321128328034435,2.8498249143319354,0.20027806534957707,1.9788348523725683,0.847396988227665,0.6616471553326916,0.12638788128580594,0.12655668110575588,0.27314387693508446,0.36887890112253713,0.2877163629928153,0.1965343493024616,0.09616396651248632,0.031458068141113044,0.11489400335797524,0.11489373181110397,0.03145800467029413,0.33617954735092687,0.028064749149951548,0.847396988227665,0.6616471553326916,0.12638788128580594,0.12655668110575588,0.27314387693508446,0.1965343493024616,0.09616396651248632,0.06698526830391653,0.03500156022078772,0.03491772486953344,0.0444043886029706,0.1526540998716276,0.07585793505245171,0.055562275846489345,0.04992903822228886,0.03131813906585391,0.011281041578737048,0.0396389294332894,0.10382817907790831,0.13987366595585912,0.04440498789771105,0.04980644412588307,0.04114249796166891,0.11098331547297642,0.11139622136207875,0.01571313765323778,0.015726129009480214,0.07583493136853273,0.07605477394744209,0.017284399312215693,0.017299670269307153,0.024189395683752876,0.02421644829016205,0.024189003404521542,0.024216045983244786
38,12.430102915406698,10.938420072491502,2.3042287124044054,0.9918923540864771,0.6789393365919626,0.17258700932556556,0.2971773145856365,0.07697939812224974,0.1458865550606531,9.59790837671728,0.37606976291898975,8.03860601428258,5.960852295032865,0.5126511038855801,0.9918806167208999,0.25171008452765536,0.29717441336163347,0.1458858755282183,0.07697918613501488,0.6004008769334847,0.42793829044842485,0.3919684939270318,0.22848107408085155,0.14980134050631372,4.443835762637083,0.8006933554359849,3.914891786699697,0.43214052732689506,3.7000963653608325,0.4321371015896478,2.8500394809564153,0.2002906003729124,1.9789838781188038,0.8474524583552778,0.6616737209865058,0.1263918387739157,0.12656324803016575,0.27315730269239324,0.36890024267041843,0.28773016408151575,0.19654090234798932,0.09616673589621827,0.031458727043235754,0.11489678851425447,0.11489651640728579,0.031458663429317406,0.3361959060934063,0.0280651859308896,0.8474524583552778,0.6616737209865058,0.1263918387739157,0.12656324803016575,0.27315730269239324,0.19654090234798932,0.09616673589621827,0.06698817120779801,0.03500242720878791,0.03491855635588444,0.04440568789974519,0.15266392179566532,0.07586124505000486,0.05556417005349171,0.04993057192125576,0.03131880323244655,0.011281155110885678,0.03963996223421802,0.10383373696727428,0.13988234078187264,0.044406281689226765,0.0498080499621368,0.04114365441242732,0.11099077708816019,0.11140368862196204,0.015713388202292053,0.015726379898078482,0.07583897440948659,0.07605882023458718,0.017284694145284534,0.017299965508948217,0.02418992922259059,0.024216982756392783,0.024189536966756218,0.02421658048120589
39,12.431156203809396,10.93934699396866,2.304375006048106,0.9919709446210622,0.6789824361849158,0.17259557187967792,0.2971963982118013,0.0769826406726735,0.14589419596158845,9.598721782681299,0.3760934173067924,8.039287386320131,5.961357778049548,0.5126741504570695,0.991959224577273,0.2517236337780296,0.2971935005487393,0.14589351756172797,0.07698242906366151,0.6004403589759498,0.42796155023158144,0.39198807834598254,0.2284959601823342,0.1498101096028668,4.44421282423467,0.8007470155913348,3.9152239763778054,0.43216795415119796,3.700410294774839,0.4321645295776113,2.8502812879651627,0.20030475594754768,1.9791518595649795,0.8475150155109495,0.6617036988678459,0.126396324856053,0.12657072415260212,0.273172400666345,0.3689242796858593,0.2877509297429557,0.19654832782676404,0.09616986567528041,0.03145947478187465,0.11489993819225558,0.11489966645913319,0.031459411266549574,0.3362204481388078,0.028065675929789608,0.8475150155109495,0.6617036988678459,0.126396324856053,0.12657072415260212,0.273172400666345,0.19654832782676404,0.09616986567528041,0.06699217951633733,0.035003737385170645,0.03491982730077388,0.04440764878482192,0.15267913207758183,0.07586646904869214,0.0555671826643363,0.049933102258639034,0.03131988102471021,0.011281417424630211,0.03964159863840055,0.1038424681520778,0.13989583382773152,0.044408243123085195,0.049810452681832734,0.04114538163042242,0.11099914697217089,0.11141209316793213,0.015713669006328135,0.01572666204295248,0.07584350881868487,0.0760633746803394,0.017285024397645076,0.017300297386514705,0.024190529699510053,0.024217586845775553,0.024190137418208024,0.02421718455115422
40,12.432294777238157,10.94034895123561,2.3045330583401795,0.9920558707909236,0.6790289702089842,0.17260472483078937,0.29721699136410185,0.0769860478433067,0.14590232686985466,9.599600993757786,0.3761189505256388,8.040023781443761,5.961903873340628,0.5126989594661877,0.9920441414661489,0.2517379553351844,0.2972140914353418,0.14590164762466107,0.07698583592893522,0.6004829309836035,0.42798659670047884,0.3920091580133234,0.22851190830884466,0.1498195122344196,4.444619926687196,0.8008048164389002,3.9155825328364364,0.4321974604158025,3.7007491214509347,0.4321940361975597,2.8505422758823458,0.20032000443675285,1.9793331289401224,0.8475824832767206,0.6617360008296513,0.12640113418387156,0.12657867039759127,0.27318866960333565,0.36895022902824864,0.2877695777838316,0.19655621091378106,0.09617318607988337,0.03146026154687609,0.11490324216745615,0.11490297014860186,0.031460197956341876,0.33624256160432736,0.02806620355044755,0.8475824832767206,0.6617360008296513,0.12640113418387156,0.12657867039759127,0.27318866960333565,0.19655621091378106,0.09617318607988337,0.06699595445395677,0.035004905772656664,0.0349209535666913,0.044409405836032846,0.15269255931423853,0.07587102639227726,0.05556979959785414,0.04993525285037846,0.031320806270570975,0.011281602409245294,0.03964302204913356,0.10385009306598829,0.1399076925978758,0.04440999327285415,0.0498126094994752,0.04114693129128671,0.1110081611277413,0.11142116227285344,0.01571396859126488,0.01572696338319347,0.07584837800530536,0.07606827301475824,0.017285376833128314,0.017300651906549464,0.024191164362030247,0.024218225463173492,0.024190772062423392,0.024217823156010447
41,12.433333907794776,10.941263393865677,2.3046773639643425,0.9921334052185653,0.6790714943707254,0.17261320755869428,0.2972357455728185,0.07698912292339585,0.14590970735441336,9.600403415059276,0.37614228714421855,8.040695889833994,5.962402381246192,0.5127216422646372,0.9921216911001338,0.2517514270606454,0.2972328492441848,0.14590902930857175,0.07698891143550915,0.6005218267900968,0.4280094944046923,0.3920284366300524,0.2285265137116366,0.14982812220996708,4.444991675431215,0.8008576591032948,3.9159100174021115,0.4322244414067266,3.7010586093803717,0.43222101770272275,2.850780653471816,0.20033394355219697,1.97949868719066,0.8476441086078191,0.6617655040546732,0.12640553570659285,0.1265859443839265,0.27320346364708215,0.3689739469338581,0.2877912398515629,0.19656337662541304,0.09617619653519476,0.031460977569463276,0.11490624017503967,0.11490596858176594,0.03146091408718062,0.3362682380125174,0.02806668364599385,0.8476441086078191,0.6617655040546732,0.12640553570659285,0.1265859443839265,0.27320346364708215,0.19656337662541304,0.09617619653519476,0.0670000565955107,0.03500626877408477,0.034922277789033916,0.044411456380799186,0.15270855413745302,0.07587653668795079,0.055572978993873076,0.049937937298715804,0.0313219469197979,0.011281891282093807,0.03964474451879068,0.10385925539773798,0.13992183559146174,0.044412039696883454,0.049815104821878765,0.04114872168354231,0.1110163614088853,0.11142944430283405,0.015714240217642415,0.01572723757264375,0.07585280155798318,0.07607274023664501,0.01728569617326677,0.017300974292192524,0.024191739372173608,0.02421880625558947,0.02419134702199616,0.02421840390010757
42,12.434297725667264,10.94211156289756,2.3048111616619824,0.9922052974839153,0.6791108910012175,0.1726209766429103,0.2972531371142838,0.07699194368857636,0.14591651668298727,9.601147678323153,0.37616390549255013,8.04131927014549,5.962864692148408,0.5127426401753796,0.9921935822085727,0.25176361784090556,0.2972502402854013,0.14591583845222839,0.07699173214549816,0.6005578656877102,0.42803069668214483,0.3920462837601091,0.22854000656950607,0.1498360792931215,4.445336349507121,0.8009065978514412,3.916213616114664,0.43224941531780015,3.70134551695539,0.43224599206949404,2.851001654725858,0.20034685528854024,1.979652180818623,0.8477012328549487,0.6617928449968867,0.12640960441560592,0.12659264525981379,0.2732171933193448,0.36899591586561054,0.2878078784368888,0.1965699888532089,0.09617897414551427,0.0314616350823465,0.11490898929115093,0.11490871765560985,0.03146157158643497,0.33628797236533126,0.028067128084762055,0.8477012328549487,0.6617928449968867,0.12640960441560592,0.12659264525981379,0.2732171933193448,0.1965699888532089,0.09617897414551427,0.06700336348626723,0.03500730978727626,0.03492328379246706,0.0444130246059414,0.15272059841231966,0.07588063761664662,0.05557533749820076,0.0499398883010577,0.031322783891617016,0.011282069253858641,0.03964602595712624,0.10386610589706911,0.1399324728874652,0.04441360198886868,0.049817023852342365,0.04115009881535118,0.11102395595910705,0.11143711583686186,0.015714490659452757,0.01572749036598536,0.07585689446707747,0.07607687382153795,0.017285990729257086,0.017301271637274282,0.02419226798558282,0.02421934003544427,0.024191875591104365,0.02421893763811544
43,12.435067756825052,10.942789182072755,2.304918086452391,0.9922627549521523,0.679142405377973,0.17262728264838284,0.2972669820825447,0.07699413597336811,0.14592187519006605,9.601742261025876,0.3761811987664974,8.041817248700765,5.96323397127657,0.512759411064717,0.9922510493425345,0.25177365997353596,0.29726408793597675,0.1459211978987126,0.07699392478295279,0.6005866484834286,0.42804763003911867,0.39206054042117533,0.22855077318146347,0.14984243087665639,4.445611652895151,0.8009456886187838,3.916456128382683,0.4322693545268884,3.70157470968369,0.43226593118451384,2.851178181700677,0.20035716641663015,1.9797747524858649,0.8477468354181718,0.6618146557544199,0.12641284900012148,0.12659796355065892,0.27322807659787773,0.3690134940538866,0.28782459054466014,0.19657517833304258,0.09618114612327215,0.03146215054050096,0.11491113472145485,0.11491086343652396,0.031462087131833405,0.3363078206261571,0.02806748125032048,0.8477468354181718,0.6618146557544199,0.12641284900012148,0.12659796355065892,0.27322807659787773,0.19657517833304258,0.09618114612327215,0.06700648496264781,0.035008358982401094,0.034924304524957796,0.044414609181120064,0.1527330059921623,0.07588492068737913,0.05557780983115772,0.04994198310284617,0.03132367257903247,0.011282300044206838,0.03964736299412879,0.1038732034162477,0.1399434200016247,0.0444151809130741,0.049818943093696035,0.04115147366031233,0.11102998884910618,0.11144324574518,0.01571468786208998,0.015727690444306695,0.07586013488450012,0.07608016507704707,0.017286222480535896,0.017301506783685125,0.02419268138904084,0.02421975952344153,0.024192288935714987,0.02421935706635421
44,12.43569167256838,10.94333823152761,2.3050047061175825,0.9923092961476654,0.6791679124922313,0.17263232546789714,0.2972782039405808,0.07699590736095532,0.1459262185026763,9.602224044476738,0.37619519639534343,8.042220786617982,5.963533253186814,0.512772998702158,0.9922975944957858,0.2517815954001549,0.2972753105055007,0.14592554149418496,0.07699569629012992,0.6006099745713972,0.42806135273430135,0.3920720940605334,0.22855949774733952,0.14984757807052612,4.445834799787954,0.800977370960118,3.9166527074580233,0.4322855138994444,3.701760496546066,0.4322820909053262,2.851321295374391,0.20036552626083404,1.9798741443861152,0.8477838182532292,0.6618323468238243,0.12641547962596633,0.12660227552266037,0.27323691834978125,0.36902771736407003,0.2878359215050342,0.19657939570080152,0.09618291030539008,0.031462568600113094,0.11491287255047342,0.11491260138800455,0.031462505220345,0.3363212618019332,0.028067766851963626,0.8477838182532293,0.6618323468238244,0.1264154796259663,0.12660227552266037,0.27323691834978125,0.1965793957008015,0.09618291030539008,0.06700869800756391,0.035009066807072546,0.03492499029597996,0.04441567740166671,0.15274124771355385,0.07588773486216932,0.05557943067682014,0.0499433318613263,0.03132424972100248,0.011282429281121607,0.039648242769217454,0.10387789804877709,0.13995069910800761,0.04441624524812456,0.049820246600588085,0.0411524078247193,0.11103487113984079,0.11144820650398915,0.015714847025454476,0.015727851954681883,0.0758627573323287,0.0760828289178274,0.017286409614571115,0.017301696698296166,0.024193015627722737,0.024220098836234348,0.024192623119222934,0.024219696323533928
45,12.436118638622197,10.943713943651778,2.3050639882524795,0.9923411582323861,0.6791853890333237,0.17263583721864117,0.2972858299249786,0.07699704143820714,0.14592908488754086,9.602553689035556,0.3762047852793363,8.042496830311332,5.963737881247572,0.5127822623203037,0.9923294601987036,0.25178720806592175,0.29728293794916694,0.14592840844324,0.0769968305956695,0.6006258950226576,0.428070709432214,0.39207997175789844,0.22856541429291924,0.1498510729965246,4.445987281309714,0.8009989824946979,3.916787022112943,0.43229651786968987,3.701887444544018,0.4322930943504787,2.851419068796492,0.20037122649807232,1.9799420039396074,0.8478090436267487,0.6618443900343938,0.12641726251591365,0.12660515580744258,0.2732428707705007,0.3690374662221582,0.2878456785710444,0.19658215259099143,0.09618405526258825,0.031462840137100496,0.11491399044036854,0.11491371950163275,0.031462776811550366,0.3363328773018641,0.028067960003681895,0.847809043626749,0.6618443900343938,0.12641726251591365,0.12660515580744264,0.2732428707705007,0.1965821525909914,0.0961840552625883,0.06701048829932421,0.035009677339723586,0.034925585553013686,0.04441660435318099,0.15274853983211104,0.07589025801122251,0.05558088799994987,0.04994457183967405,0.03132477480563027,0.011282569510190125,0.03964902920813428,0.103882062472455,0.13995711603761943,0.044417167142439914,0.04982136295541653,0.0411532055516848,0.11103817184318832,0.11145159794140314,0.015714952280539783,0.015727959813226614,0.07586451648863375,0.07608463511110293,0.017286533214966798,0.017301823359427253,0.024193232450155516,0.02422032092991093,0.024192839885992086,0.024219918358625733
46,12.43639631019537,10.943958292685926,2.305102549207412,0.9923618753950902,0.6791967455190491,0.17263809303189134,0.2972907835411941,0.07699777005451877,0.14593094620172925,9.602768094033403,0.3762110182689746,8.042676416324044,5.963871073284551,0.5127883022406928,0.9923501834710192,0.2517907770310565,0.297287892877342,0.14593027028212308,0.07699755942046452,0.6006362695758396,0.4280768123663185,0.39208511282043756,0.22856928376329574,0.14985335842078623,4.4460866042459815,0.8010130810520605,3.916874548816346,0.4323036986391854,3.701970184752593,0.43230027527311543,2.8514828093875155,0.2003749475927495,1.9799862625802496,0.847825502779329,0.6618522512179544,0.12641842896699126,0.12660704396216335,0.27324674824658995,0.3690437983907691,0.287851202416856,0.19658395274088752,0.09618479937448908,0.03146301771212424,0.11491471763649506,0.11491444690004948,0.03146295443667336,0.33633943115069764,0.02806808465963302,0.8478255027793291,0.6618522512179544,0.12641842896699124,0.12660704396216332,0.27324674824659,0.19658395274088755,0.09618479937448912,0.06701153460204005,0.035010021316789854,0.03492592041964116,0.04441712526154782,0.15275258956588691,0.07589164724072275,0.05558169016882437,0.04994524586443832,0.03132506204870871,0.01128263904714655,0.039649463906253284,0.1038843750861374,0.13996069309235748,0.04441768629752159,0.04982199567138211,0.04115365776096374,0.11104030537093629,0.11145379952180727,0.015715019705918244,0.015728029245261562,0.0758656524073716,0.0760858068971824,0.017286612411166725,0.017301904930089627,0.02419337211636832,0.02422046486985403,0.024192979497396946,0.024220062241382023
1,12.46879396396105,10.972493831873301,2.3095836315189624,0.9947761686966422,0.6804627239103379,0.17297413932011918,0.2978605873995575,0.07707480062918547,0.14613339672675174,9.627843103529734,0.3768976111899999,8.063658377545789,5.97941054170976,0.5134891511625005,0.9947876860826049,0.25243260966491715,0.29786317966090375,0.14613474890051986,0.07707537716925543,0.6018441145073266,0.42878318844784896,0.3926797100292029,0.22901084862419407,0.15011483936305525,4.45763122050563,0.8026434643252038,3.927018351339402,0.4331323080923266,3.71154849751754,0.43312861967040034,2.8588533200359105,0.20080391975062256,1.9850825175591993,0.849712628540884,0.662747969690287,0.12655083398567868,0.12681190298277858,0.2736839801044433,0.36974925231559125,0.2922084494878207,0.19677049333354532,0.09626201562071199,0.031481994678247575,0.11499039310313985,0.11499091459330411,0.031482123723266316,0.34164339814448313,0.028082113601562503,0.8497126285408841,0.6627479696902872,0.12655083398567868,0.12681190298277853,0.2736839801044432,0.1967704933335454,0.09626201562071196,0.06747066569308245,0.035210301079036915,0.035105810504796234,0.0447632348016789,0.15574636916126786,0.07688387830767358,0.0561460783783149,0.05039217519256999,0.03152037901886594,0.01130521538107711,0.0399523056918122,0.1055120505557472,0.14251765694963756,0.04475525561298212,0.05016417269399034,0.041405618379110824,0.11127776988765438,0.11169790326379564,0.01572225071765557,0.015735451135982938,0.07599065497554232,0.07621413604640001,0.017295055168284394,0.017310564241841804,0.024208052775238693,0.02423550846269655,0.024207651920515653,0.024235097069020377
2,12.44231343241838,10.94919044229528,2.305916050211705,0.9928103617500281,0.679400777607698,0.17276651212774863,0.2974045604420758,0.077020920498794,0.1459815863805896,9.607392344375572,0.37631488259097795,8.046536548530966,5.966736933560983,0.512920141440331,0.9928161059838667,0.25211410929991623,0.29740589563795805,0.14598249037701225,0.07702133519922146,0.6008617996264555,0.42820947774159596,0.39219647193300233,0.2286555249640287,0.14990381223342916,4.448224435931853,0.801318384026649,3.9187526968103827,0.432461019185645,3.7037415393782003,0.4324576144204565,2.85284569160627,0.20045524143726956,1.9809340933963744,0.848179923280644,0.6620239297757183,0.12644440565664264,0.12665225063705146,0.2733397795628335,0.3691594430708599,0.2918127788048616,0.1966351656470934,0.09620727951025203,0.03146820336813165,0.11493713381270229,0.11493748414389568,0.031468290497649286,0.3411598912834798,0.028070731543294175,0.8481799232806437,0.6620239297757183,0.12644440565664264,0.12665225063705138,0.27333977956283345,0.19663516564709344,0.096207279510252,0.06740203381207509,0.03519269827603394,0.03509381524773622,0.04473591790189548,0.15554151797971508,0.07682829502708301,0.056116530138011524,0.050379139488984204,0.03151250247083867,0.011313208661805187,0.039935527087470446,0.1054138334052103,0.14234675428001295,0.04472900250857233,0.05013753547244845,0.04138256856623535,0.11108494604565924,0.11149520185471654,0.015716769265544477,0.01572968422196893,0.07589120520430503,0.07610967794366959,0.017288687090626097,0.017303869030244712,0.024197412369118102,0.0242243216097917,0.02419702287249145,0.024223922316078603
3,12.435130089614688,10.942868469687598,2.304919255924664,0.9922745210379761,0.6791083095873756,0.17270910192905664,0.29727540482506243,0.07700121131084398,0.14593179887249827,9.601844923764604,0.37615491173233634,8.041891042133972,5.963293127082196,0.5127633623166458,0.992280668374857,0.25202481795600506,0.2972768303694035,0.14593273814389973,0.07700164029855457,0.6005931549576072,0.4280513356976215,0.3920634298213146,0.22855435182247344,0.14984422193469754,4.445657928935853,0.8009537473670203,3.916492911101121,0.4322746173192389,3.70160652139218,0.4322712172459115,2.8512014990344907,0.2003590800563102,1.9797919388971303,0.8477545938501923,0.6618200207948202,0.12641394606995665,0.12660149881634708,0.2732357121488808,0.36899618356923325,0.29169187388497586,0.19658343053565483,0.09618543346360019,0.031463385377217795,0.11491720427767586,0.11491756820364094,0.03146347597135338,0.3410144413028882,0.02806748189612025,0.8477545938501926,0.66182002079482,0.12641394606995662,0.12660149881634702,0.273235712148881,0.19658343053565486,0.09618543346360023,0.06737954342308614,0.035186049970154634,0.03508813514103668,0.04472565175368676,0.15546098774393666,0.07680231107502052,0.05610219129059061,0.05036872620678534,0.03150777356812859,0.01131355361741932,0.03992768669960579,0.10537039937878626,0.14227742898376958,0.04471889469929006,0.05012600467149447,0.041373790216948814,0.11102939257820563,0.11143827605623023,0.01571502532769469,0.015727893721375702,0.07586138417580045,0.07607909843591143,0.017286629638438446,0.017301756127590218,0.0241936127365622,0.02422041231277471,0.024193225138625755,0.024220014883458832
4,12.43083706625715,10.939090487775005,2.304323375830805,0.9919543176163462,0.6789329513236336,0.17267452520403737,0.2971980023010965,0.07698890268175723,0.14590160862434123,9.598529731521145,0.37605876161019586,8.039114326997717,5.9612338579907185,0.5126697421607678,0.9919605277055522,0.25197060377303554,0.29719944234645834,0.14590255474404354,0.07698933482813347,0.6004325410223302,0.4279568269986339,0.3919838809111485,0.22849410014456567,0.14980870610848426,4.444122615984705,0.800735659313166,3.9151407197258368,0.43216326519157344,3.7003288021593894,0.4321598638835301,2.850217403551033,0.20030155216968898,1.9791084043906175,0.8475001243758934,0.6616981143694035,0.12639578702216867,0.1265714338556171,0.27317396026610485,0.36889837094966677,0.29161637932865275,0.19655317665908378,0.09617261707033213,0.03146046518359731,0.11490502988824844,0.11490539674609142,0.03146055646557319,0.3409248766272015,0.028065504876246008,0.8475001243758932,0.6616981143694034,0.1263957870221687,0.12657143385561712,0.27317396026610496,0.19655317665908373,0.09617261707033213,0.06736492917905343,0.03518149493762842,0.03508385444727295,0.04471873864638226,0.15540713241526036,0.07678415080693268,0.05609186681916446,0.0503603714593638,0.03150416206109285,0.011312973741503285,0.039922070462244816,0.10534001752670538,0.14223002460799594,0.044712002612481906,0.050117692999142226,0.04136775795343459,0.11099562074448768,0.11140411429822546,0.015713924165646587,0.01572677900295022,0.07584317242857953,0.0760606734744974,0.01728533251039015,0.01730044291834607,0.02419125324111821,0.024218022395039004,0.024190865949378585,0.024217625234321354
5,12.428106716841889,10.936687744484738,2.3039443750034194,0.991750680525304,0.6788213225281238,0.17265247924439933,0.29714873039477885,0.07698097099900006,0.1458823317201912,9.59642129315165,0.3759975123666947,8.037348253983145,5.959923928295462,0.5126101956045586,0.9917569012806668,0.251935950609373,0.29715017303782026,0.14588327950373103,0.07698140400633106,0.6003303579514397,0.42789670544089115,0.3919332708799377,0.22845579377510938,0.14978612219425227,4.443145850099066,0.8005968972555947,3.9142804110405347,0.43209242980707907,3.6995158529781933,0.4320890262754021,2.849591236060058,0.20026494460865,1.9786734608661958,0.8473382012343241,0.6616205530294591,0.12638423729504283,0.1265523696959715,0.2731348023785553,0.3688361180887778,0.29156777532988637,0.19653412847628685,0.09616457367099873,0.03145860003558248,0.11489724767294003,0.11489761526060749,0.031458691485252745,0.34086744158470217,0.028064240362304326,0.847338201234324,0.6616205530294591,0.1263842372950428,0.1265523696959715,0.2731348023785553,0.1965341284762869,0.09616457367099873,0.0673553979251159,0.0351784796192458,0.035080943856668406,0.04471418903821822,0.15537187711452002,0.07677215389176309,0.05608498434050353,0.05035467259616642,0.0315017222634669,0.01131245728186623,0.03991832929860136,0.10531990611038018,0.14219880090742196,0.044707454799017304,0.05011212067202469,0.04136376420032772,0.1109740298124615,0.11138236310376728,0.015713209974858155,0.01572605967735225,0.07583151672089782,0.07604893285243905,0.017284491984305244,0.01729959630979314,0.024189738642390674,0.02421649672837235,0.02418935140814455,0.024216099612259658
6,12.426359198072069,10.935149911389932,2.303701798396182,0.9916203495690424,0.678749857074546,0.17263835736084182,0.2971171801817674,0.07697586822925634,0.14586997062698032,9.595071816688595,0.37595829225646743,8.03621788079922,5.959085468540282,0.5125720780745917,0.9916265724591392,0.2519137356531997,0.29711862342541856,0.14587091902219246,0.0769763015717701,0.6002649449697728,0.42785821878365815,0.3919008725446899,0.2284312721599189,0.14977166530629282,4.442520612613255,0.8005080668718013,3.913729718169722,0.432047082849235,3.6989954772881473,0.4320436775485242,2.8491904149201983,0.20024150907076632,1.9783950368630416,0.8472345434606768,0.6615708977741572,0.12637684273122723,0.12654017043123253,0.27310974655289083,0.36879626552219874,0.29153655692977043,0.1965219555631221,0.09615943945469432,0.03145740356343244,0.11489225411207933,0.11489262196257298,0.03145749507427581,0.3408305932960057,0.028063429044780958,0.8472345434606768,0.661570897774157,0.12637684273122723,0.12654017043123256,0.27310974655289094,0.19652195556312219,0.09615943945469434,0.0673492493684972,0.03517652544755265,0.03507904114207111,0.04471124654219832,0.15534913038852632,0.0767643960133547,0.05608052133382748,0.05035095468331256,0.03150013446802617,0.011312099111296528,0.03991590355130149,0.10530689000414181,0.14217861882415853,0.04470451180032974,0.050108496197808106,0.041361176306022554,0.1109601804559282,0.11136843578188543,0.01571274905828086,0.015725596510257962,0.07582403625453442,0.07604141210447107,0.017283949736451382,0.01729905138859133,0.0241887651625575,0.024215518369296894,0.024188377940581783,0.024215121261519076
7,12.425250986075115,10.934174674984284,2.3035479666442455,0.9915377008611722,0.6787045316980362,0.17262939866285418,0.29709716421338705,0.07697262126806391,0.14586211897134088,9.594216024394113,0.3759334158600791,8.035501027872666,5.95855372363485,0.5125479011676184,0.9915439244449966,0.25189963857821734,0.2970986076996957,0.1458630677039262,0.07697305479485082,0.6002234557765481,0.4278338079301399,0.39188032350188073,0.22841571634348865,0.14976249479665474,4.442124081232928,0.8004517253805737,3.9133804685110887,0.43201831893787984,3.698665459288695,0.4320149123905171,2.848936217048855,0.2002266448282185,1.9782184572474812,0.847168798590164,0.6615393998513996,0.12637215150316783,0.1265324283913118,0.2730938443978011,0.3687709903558413,0.2915167324729477,0.19651422282838332,0.09615617766658971,0.03145664320433389,0.11488907974167407,0.11488944773318621,0.03145673474852944,0.3408072035877328,0.02806291366407441,0.847168798590164,0.6615393998513995,0.12637215150316786,0.12653242839131176,0.273093844397801,0.19651422282838332,0.09615617766658971,0.06734533806330655,0.03517528010869502,0.035077824465838646,0.04470937289774177,0.15533466108377472,0.07675945688984179,0.05607767729140262,0.05034858042442035,0.031499121398760946,0.011311865551212719,0.03991435777794483,0.10529860106720502,0.1421657724969193,0.04470263751776614,0.05010618325939402,0.041359527247225844,0.11095138449560757,0.11135960121104535,0.015712455319251858,0.01572530176302949,0.07581928292566144,0.0760366392190093,0.0172836042071554,0.01729870465493749,0.024188145589400852,0.02421489654072071,0.02418775836666632,0.02421449943070838
8,12.424562862962569,10.933569120187506,2.3034524508843983,0.9914863841130719,0.6786763858033888,0.17262383445082777,0.29708472866771524,0.07697059670322565,0.14585723238735462,9.5936846318529,0.3759179673641314,8.035055901407667,5.958223526981422,0.5125328850803258,0.9914926081746549,0.2518908810529794,0.29708617233190876,0.14585818135505346,0.07697103035486887,0.6001976880044316,0.42781864690222393,0.39186756128929795,0.22840605175419076,0.14975679795255475,4.4418778402390275,0.8004167341328845,3.913163595009264,0.4320004523870551,3.698460533290914,0.431997044974202,2.848778372487843,0.20021741336816132,1.9781088051029485,0.8471279685485334,0.6615198341200852,0.12636923674257658,0.12652761359330114,0.2730839530476432,0.3687552952886212,0.29150440975082187,0.19650940121434166,0.09615414206449927,0.03145616961679633,0.11488710164073711,0.11488746972842698,0.031456261183976646,0.3407926691716953,0.028062592991035376,0.8471279685485331,0.6615198341200854,0.12636923674257652,0.12652761359330117,0.2730839530476432,0.19650940121434166,0.09615414206449928,0.06734290392621382,0.03517450414591487,0.03507706469032522,0.044708206032619255,0.15532565457938738,0.07675638004133616,0.05607590477874197,0.050347098469080066,0.031498489498963736,0.011311717618630417,0.03991339441577699,0.10529343729991936,0.1421577726898151,0.04470147005924432,0.05010474060917253,0.0413584997258304,0.11094591288791848,0.11135411375272251,0.01571227200578939,0.01572511809851265,0.0758163239586622,0.07603367248049203,0.0172833885707243,0.017298488593545294,0.024187758937369266,0.024214509043863186,0.024187371707603975,0.02421411192599939
9,12.424152552005394,10.93320804209122,2.3033955014261918,0.9914557879382419,0.6786596015375399,0.17262051538342887,0.29707730604640437,0.07696938062233175,0.14585430635178845,9.59336777016066,0.3759087541565353,8.034790472106929,5.958026617496978,0.5125239271252673,0.9914620124851777,0.2518856555616787,0.29707874988170535,0.14585525550469108,0.0769698143689882,0.6001823169898068,0.4278096029022342,0.391859948668843,0.2284002827420917,0.14975339814434707,4.441730988856732,0.8003958621521747,3.9130342647564844,0.43198979221950856,3.6983383338305744,0.4319863841944656,2.848684249070849,0.20021190697983096,1.9780434137460094,0.8471036151540587,0.6615081591628388,0.12636749670863703,0.1265247338057454,0.27307803479871634,0.3687459359563563,0.2914970501102223,0.19650650210940454,0.09615291581708195,0.031455885627370464,0.11488591439226532,0.11488628255424176,0.03145597721244896,0.34078399249572433,0.028062401105540476,0.8471036151540582,0.6615081591628388,0.126367496708637,0.12652473380574544,0.2730780347987163,0.19650650210940454,0.09615291581708194,0.06734144782072542,0.03517403919294584,0.03507660814520023,0.04470750728772673,0.15532026376278635,0.07675453596525678,0.0560748419400816,0.05034620789673961,0.03149811016455552,0.011311626855686315,0.039912816791412314,0.10529034276315877,0.14215298147207187,0.04470077074005043,0.0501038748672579,0.04135788398632776,0.11094264007000013,0.11135083984029157,0.015712161815180863,0.015725007963130852,0.0758145517711763,0.07603190011189086,0.017283258934868418,0.017298359015673802,0.024187526291743255,0.024214276439715576,0.024187139050806467,0.024213879310025485
10,12.423926830679834,10.933009404138087,2.303364177443873,0.9914389595048748,0.6786503664831937,0.17261868811340217,0.2970732139245208,0.07696870140756325,0.14585268247067762,9.593193451174592,0.3759036839750054,8.034644440404868,5.957918268587443,0.5125189943142087,0.9914451845768741,0.2518827769697377,0.2970746579350992,0.14585363178067592,0.07696913523213506,0.6001738537937902,0.42780462318951784,0.3918557575804889,0.22839710182249573,0.14975152445515022,4.441650175072245,0.8003843713539934,3.912963101371961,0.43198392000423985,3.698271101143648,0.43198051153223915,2.8486324645751933,0.20020887562480774,1.9780074308339874,0.8470902092851562,0.6615017268740747,0.12636653713204465,0.1265231392405414,0.2730747553529261,0.3687407863849205,0.2914929881012992,0.19650487901571545,0.09615222658147114,0.03145572754711467,0.1148852522797132,0.11488562050359148,0.03145581914720682,0.34077920788303545,0.02806229477494523,0.8470902092851563,0.6615017268740748,0.12636653713204465,0.12652313924054134,0.273074755352926,0.19650487901571548,0.09615222658147116,0.06734064162957866,0.03517378093220465,0.03507635318113935,0.04470711962114394,0.15531727515207552,0.07675351086572485,0.056074250610822114,0.05034571023899843,0.03149789864018054,0.01131157407660908,0.039912495455602694,0.10528862298940274,0.1421503220298986,0.044700382496957264,0.05010339252623088,0.04135754189459448,0.11094082794066039,0.11134903664182645,0.015712100203432833,0.015724946678044964,0.07581356788973734,0.07603092119928892,0.017283186429161667,0.0172982868908918,0.024187395894309138,0.024214146680952068,0.024187008639155884,0.02421374953642752
