cycle no,1 Ascending aorta [ml/s],2 Aortic arch I [ml/s],3 Brachiocephalic [ml/s],4 R. subclavian I [ml/s],5 R. com. carotid [ml/s],6 R. vertebral [ml/s],7 R. subclavian II [ml/s],8 R. radius [ml/s],9 R. ulnar I [ml/s],10 Aortic arch II [ml/s],11 L. com. carotid [ml/s],12 Thoracic aorta I [ml/s],13 Thoracic aorta II [ml/s],14 Intercoastals [ml/s],15 L. subclavian I [ml/s],16 L. vertebral [ml/s],17 L. subclavian II [ml/s],18 L. ulnar I [ml/s],19 L. radius [ml/s],20 Celiac I [ml/s],21 Celiac II [ml/s],22 Hepatic [ml/s],23 Splenic [ml/s],24 Gastric [ml/s],25 Abdominal aorta I [ml/s],26 Sup. mesenteric [ml/s],27 Abdominal aorta II [ml/s],28 R. renal [ml/s],29 Abdominal aorta III [ml/s],30 L. renal [ml/s],31 Abdominal aorta IV [ml/s],32 Inf. mesenteric [ml/s],33 Abdominal aorta V [ml/s],34 R. com. iliac [ml/s],35 R. ext. iliac [ml/s],36 R. int. iliac [ml/s],37 R. deep femoral [ml/s],38 R. femoral [ml/s],39 R. ext. carotid I [ml/s],40 L. int. carotid I [ml/s],41 R. post. tibial [ml/s],42 R. ant. tibial [ml/s],43 R. interosseous [ml/s],44 R. ulnar II [ml/s],45 L. ulnar II [ml/s],46 L. interosseous [ml/s],47 R. int. carotid I [ml/s],48 L. ext. carotid I [ml/s],49 L. com. iliac [ml/s],50 L. ext. iliac [ml/s],51 L. int. iliac [ml/s],52 L. deep femoral [ml/s],53 L. femoral [ml/s],54 L. post. tibial [ml/s],55 L. ant. tibial [ml/s],56 Basilar [ml/s],57 R. PCA I [ml/s],58 R. PCA II [ml/s],59 R. PCoA [ml/s],60 R. int. carotid II [ml/s],61 R. MCA [ml/s],62 R. ACA I [ml/s],63 R. ACA II [ml/s],64 ACoA [ml/s],65 L. ACA II [ml/s],66 L. ACA I [ml/s],67 L. MCA [ml/s],68 L. int. carotid II [ml/s],69 L. PCoA [ml/s],70 L. PCA II [ml/s],71 L. PCA I [ml/s],72 L. ext. carotid II [ml/s],73 R. ext. carotid II [ml/s],74 L. sup. thy. asc. ph. lyng. fac. occ. [ml/s],75 R. sup. thy. asc. ph. lyng. fac. occ. [ml/s],76 L. superf. temp. [ml/s],77 R. superf. temp. [ml/s],78 L. maxillary [ml/s],79 R. maxillary [ml/s],80 L. superf. temp. fron. bran. [ml/s],81 R. superf. temp. fron. bran. [ml/s],82 L. superf. temp. pari. bran. [ml/s],83 R. superf. temp. pari. bran. [ml/s]
1,77.01836403108298,69.9519367820109,7.542004221096088,3.8885401267154776,3.7323735402698266,1.267836840233957,2.7538654679156536,1.2087368452420526,1.6168134462246782,67.14043112465083,3.3351408057632397,61.844422099713675,54.984058675108734,7.702009975159006,5.942228566100732,3.328793191594052,2.753869632698718,1.6168389481938896,1.2087412981279544,9.441784783233738,6.337080287306686,3.1274788309482244,4.417932268378463,1.9352168494929352,46.156789942713765,11.723244247934822,34.67013794543081,9.165363106867336,25.59698437622574,9.164412625381285,16.779213929469513,1.6518371129049902,15.494858104363686,7.835859864754908,6.0120935308038215,1.8981883818697733,2.749975247865807,3.3718184044133004,0.9198884598296394,2.50346152884142,2.4868575246156577,0.9854065424388248,0.12058532727446176,1.5097976753993254,1.5098376333280323,0.12057279533059644,3.0058121845250176,0.8656608258336299,7.835859864754908,6.0120935308038215,1.8981883818697733,2.749975247865807,3.3718184044133004,2.4868575246156577,0.9854065424388248,4.620999295108525,2.173699865929158,1.287420711013725,-0.841798588638131,3.8902766918076486,2.652769997469483,1.2520443274991795,1.2249425458926777,0.028332083365567712,1.1419382847608779,0.8638977616076597,2.694254201347431,3.5539645520174594,-1.0103594747019213,1.4037981931608783,2.4478198615561246,0.7166744282623505,0.757795576424932,0.15937181441300677,0.16817451380889856,0.5355168510035393,0.5652778474089263,0.18968783136293613,0.20017725210875328,0.2707616766204531,0.28542865640071335,0.26980061248818626,0.28442422003130663
2,100.98501514593603,90.23146969369378,10.787896730100059,5.661344823078516,5.128998609272914,1.7629555046755292,3.908670414529853,1.7139250553496979,2.200452582494531,85.64848234178099,4.597613236509983,77.12529862704211,68.18388742566506,9.002460545351191,8.569969226404025,4.674467783559639,3.9084707649242585,2.2003062385984076,1.7138824252072835,11.053249607922302,7.483572189843752,3.5713189728087826,5.224049090076919,2.260649342058162,57.175324165275214,13.600183436564748,43.592361906217505,10.859826873542072,32.739245651070654,10.858479679186622,21.906010171626015,1.8811656109342225,20.051564831712216,10.03218403243166,7.791535877104197,2.2459838331672373,3.4092265466375866,4.389833083984557,1.3059518231836285,3.3458765541412583,3.1199369672805335,1.2759120220068054,0.1490353249118525,2.0525434824435584,2.0524129294175477,0.14902062489096862,4.007607253693017,1.242310783691856,10.03218403243166,7.791535877104197,2.2459838331672373,3.4092265466375866,4.389833083984557,3.1199369672805335,1.2759120220068054,6.431630107453024,3.0511902827855417,1.7304759205079343,-1.2590257901920978,5.269190826641419,3.582681433209907,1.69900423397649,1.6769131020518357,0.021068733617255125,1.5494388219111357,1.1995819591418155,3.6165913050925447,4.814133230966141,-1.4619657641298265,1.8741207094447847,3.3852781532023872,1.0158301186485288,1.0626080480725668,0.23253036647526687,0.24319594829915805,0.7396129560412885,0.7734367862902922,0.2770445237382803,0.28978104431154766,0.37057348869418855,0.387442756846003,0.36955700937077546,0.38638754043196105
3,88.55993723877108,79.89288306522052,8.932323826959838,4.974460155870903,4.000582363375633,1.1767422622426993,3.8711125565374247,1.7233367448351888,2.183541283667305,76.62849526644295,3.547493349358227,70.04349323830566,62.15402387056722,8.358867443908357,6.94540639285745,3.151630036977346,3.8709173759727005,2.1833754070905425,1.7232784466590902,10.22693428993186,6.929435163575651,3.3101840987447564,4.846960983542107,2.0913354789997816,52.2698166871797,12.621301752802639,39.780467613013634,10.114443094067033,29.71744471592591,10.112839623944762,19.797991554896715,1.7436273989169633,18.259488025370942,9.179114969343946,7.1310235182541595,2.0895679656765243,3.180121648116373,4.010368306180377,1.2867755757675696,2.3104909456655487,2.8783393265563246,1.1801209560023627,0.14589061017067134,2.0437565017435366,2.0435901142171624,0.14588711164582183,2.8488926486983037,1.2281276717340515,9.179114969343946,7.1310235182541595,2.0895679656765243,3.180121648116373,4.010368306180377,2.8783393265563246,1.1801209560023627,4.3342283962043515,2.125760092420334,1.095467389525705,-0.9874214729928675,3.831601906599613,2.639528484889065,1.2001445460509303,1.220415908795884,-0.021302612981782564,1.2098019490543963,0.9733129262068744,2.3900857965173277,3.3628603036469364,-1.0539743793020326,1.125103270029798,2.2113714400906264,1.0029812611985747,1.0459369170848687,0.23396219301806326,0.24382485928962255,0.7283146965299734,0.7593969884973412,0.27883796760639035,0.2906105496197828,0.365802306896115,0.3813372284460554,0.36484296425474266,0.38033984957330497
4,80.78017289792074,73.10439334002939,7.961162518501806,4.550140790166642,3.4576190066226773,0.9466022557734465,3.682177481396411,1.641491257009393,2.07641267688564,70.3474909145075,3.065506606797965,64.62203916456458,57.38756076242642,7.739244068545165,6.113100060551031,2.513837832972302,3.6820249293405802,2.0762851461284035,1.6414630453620205,9.452609528405725,6.417661754293185,3.048583381716551,4.492342349954971,1.9348074581067793,48.30335910405192,11.675599843619054,36.76955203253706,9.386000667987412,27.43879480313611,9.384598082436316,18.261937765880816,1.605295845359261,16.876862983430126,8.491394883013355,6.597547191261605,1.9383149368498855,2.954069363777587,3.7067209552330898,1.2219422765178012,1.8977337115947555,2.6653788422141576,1.0911616277213445,0.13629757073728266,1.9457535594424913,1.9456314156424135,0.13629184335716926,2.3605325766179903,1.1678967938900897,8.491394883013355,6.597547191261605,1.9383149368498855,2.954069363777587,3.7067209552330898,2.6653788422141576,1.0911616277213445,3.4704856328061484,1.7133995423010067,0.8774310393540206,-0.8040988503702335,3.173901290349644,2.200226587578747,0.9801814125782685,1.009349448389069,-0.03017942465145195,0.9772309349876661,0.8056572196435112,1.9468921728394772,2.7481977622766323,-0.8401927810761228,0.8981290722298836,1.764227645314843,0.9533395735491241,0.9928146368554533,0.22330093025799833,0.23244811666859674,0.6914220059428035,0.7200650660635384,0.26612423741202845,0.2770449456728325,0.3472889680341688,0.3616513431743136,0.3463918049156339,0.36071940553195514
5,75.91077002971451,68.74516057398583,7.349920189689254,4.224233408234665,3.1551853728708994,0.8389986083364496,3.4360405713417697,1.5268396376156306,1.931859511536807,66.13954480167789,2.800633161260107,60.78709118815678,53.903522223747686,7.209574648122326,5.6028072652598,2.2206364545784223,3.435938196496631,1.9317668527483112,1.526829505507271,8.819150089388017,5.9847305594956,2.8432339777568774,4.186409872766102,1.8044428509493857,45.322314868326046,10.87809118148886,34.53580927786145,8.73780424678294,25.833685838655583,8.736544413283264,17.231317008681113,1.4973764623739405,15.87616684467627,7.972288710555737,6.196362248697657,1.8046608371835242,2.752952318526789,3.4841901607253254,1.1499086038614426,1.694185837002726,2.4933557249307783,1.0227030542894198,0.12690625273437828,1.8084457443901516,1.808358010093078,0.12690126422483758,2.1108551596800873,1.1001312415948046,7.972288710555737,6.196362248697657,1.8046608371835242,2.752952318526789,3.4841901607253254,2.4933557249307783,1.0227030542894198,3.064425715033222,1.5037093842514737,0.7726272551721012,-0.7051939946901206,2.8221400748063723,1.9621668422318468,0.8641506172148331,0.8857183717001847,-0.02317967862599119,0.8380691479682392,0.6951112522886121,1.7443552142666472,2.433584977901279,-0.7321975135609661,0.8150993604567539,1.5711633118118329,0.896870139565566,0.9329671577868738,0.2105514076353652,0.2189588778095536,0.6486197625660275,0.6747538027463857,0.2509392989751637,0.2609785907678934,0.3254361934117545,0.33853849322433827,0.3246160482479408,0.3376875606665118
6,72.73244937470828,65.87438927234942,7.019311546861013,4.021634225163182,3.0233241325211986,0.8008541660488206,3.265309536643914,1.4488718854667983,1.8365871590328653,63.360495929943035,2.6833256969517363,58.24577271551632,51.62955633644296,6.9014309900376345,5.333745179901146,2.1157788547820173,3.26517443320916,1.8364784563801302,1.4488457006649083,8.446884379483839,5.7267020517292035,2.727904358550984,4.004279078464864,1.7277924977884809,43.390840477394306,10.4184485967262,33.05252467778326,8.35434396370494,24.729400749369805,8.353109205012121,16.493683523008414,1.4369408922552664,15.181183519981566,7.62052804996725,5.9203426134585575,1.7253634824348922,2.626025469423037,3.3301049142628756,1.098040966146221,1.6228874348320736,2.381269950410474,0.9769394209367478,0.12136732526533245,1.7183914268413267,1.7182885675500343,0.12136158734521177,2.0245755294765275,1.0509066656674797,7.62052804996725,5.9203426134585575,1.7253634824348922,2.626025469423037,3.3301049142628756,2.381269950410474,0.9769394209367478,2.9199932594606643,1.4313483600493655,0.7389261807310276,-0.6694742868698815,2.6997135468185234,1.876483789917447,0.8261289567939217,0.8440270201585465,-0.019958976031902415,0.7872547073867676,0.656623619947566,1.6727049955511357,2.321954656800776,-0.6925530494304105,0.7861190540789103,1.5020450696777061,0.8564981826362164,0.8905833909894598,0.20127164714762888,0.20920995320097904,0.6189955130819239,0.643664216100866,0.23986777853435107,0.2493455265720343,0.3105219443220525,0.3228873786422019,0.3097409371239934,0.3220770102116533
7,70.6142602262081,63.627708258666644,6.9982637776867165,3.912168089148568,3.08604537471971,0.8471754380885026,3.0682150520639984,1.3571835905039,1.7111881187282616,60.89290863635902,2.733806621644904,55.617584173028064,49.1809548089495,6.457363156003271,5.291262002083686,2.2276084608979256,3.06810879310044,1.7111028800883368,1.3571689523240178,7.927837585400713,5.375577200464813,2.5528092868776184,3.7548738001764272,1.6210611419699834,41.26823288628359,9.74499723670833,31.52903941495485,7.815083118732943,23.7162130396093,7.814072623798353,15.91063399180197,1.3448356161396782,14.574764655913253,7.289518829078221,5.675917175692976,1.6153564246216792,2.475169353798433,3.2029685390720375,1.0464115196900976,1.7132635413905213,2.2674972677690595,0.9364513260807477,0.11229470905873282,1.5986648767197964,1.598587217210458,0.11228793834760097,2.1333766825097236,1.003336915177613,7.289518829078221,5.675917175692976,1.6153564246216792,2.475169353798433,3.2029685390720375,2.2674972677690595,0.9364513260807477,3.069984395353601,1.5007321756943035,0.7813271793834938,-0.6961131623669932,2.830837471255649,1.9617925945667052,0.8711760923497842,0.880351300855017,-0.01172415653388872,0.8287465178532493,0.6848532313264787,1.7620439815990525,2.4387851210806892,-0.7227083936840384,0.8369852533341906,1.5847190876265025,0.815621053406013,0.8463692173733857,0.19254348757417097,0.19980538083370997,0.5861330693915268,0.6082708643598395,0.22956202014082625,0.23824003506157557,0.2934104466127986,0.30450775979354716,0.29272152669590745,0.303795336284494
8,68.9124442036298,62.03324562578984,6.911713454803274,3.8094462533974487,3.105768848467747,0.868510010091752,2.950051168409516,1.3069478190437944,1.6470631288671826,59.30652359695325,2.74933197130753,54.124937148658255,47.87681844515568,6.305668343564585,5.225777594090242,2.2864167003161233,2.94987046149643,1.6469349180751918,1.3068962174482877,7.746291486599552,5.244230543018431,2.503619691484754,3.6617943669123107,1.5835198339969585,40.172532983106805,9.525070945002346,30.663633630357285,7.616033095183691,23.053901286226708,7.614993797645792,15.462600364823386,1.3194187121876955,14.168300088776954,7.0901937852637,5.520356804538158,1.5749214595019487,2.4071551884898925,3.1204066405601085,1.014327835120985,1.7570551081247603,2.211144229610204,0.914842043011733,0.10939600944754954,1.5382729342766008,1.5381523491872955,0.10938857071371019,2.186622927551824,0.9732442349690121,7.0901937852637,5.520356804538158,1.5749214595019487,2.4071551884898925,3.1204066405601085,2.211144229610204,0.914842043011733,3.150550088295719,1.539275693521645,0.8036972450341361,-0.7119505853943248,2.8983705711053145,2.0045701680482266,0.8956671225005992,0.9013713116978803,-0.008466674920154483,0.8518823987398153,0.7013372604686894,1.8063650349346099,2.4993226366344112,-0.7407948157219817,0.8610279542755738,1.6276144622179156,0.7907929619863395,0.820043389399529,0.18745160631104205,0.1943495459353946,0.5677181802834823,0.5887510904342431,0.22353530082001122,0.23177698156321463,0.284309316539324,0.2948437801984239,0.28365089035194485,0.2941625324407032
9,67.74031691337088,60.69458257576391,6.948292668938285,3.7633368760465404,3.1661149259557293,0.9031046055938011,2.833437067237183,1.2532894969909332,1.566693040609262,57.77273985648908,2.7963058742117086,52.40894311023312,46.25638613574674,5.980255203848492,5.231501784862787,2.3715084969701237,2.8333131715625086,1.566604050834299,1.2532596238012759,7.366981458722007,4.992012025332706,2.370288293866817,3.4829119726155775,1.5058201539137295,38.76362807183864,9.026883140503232,29.688310499130615,7.2278017193721595,22.441633924067762,7.226972523392261,15.143698637142027,1.2490443819065762,13.819394413336271,6.891570228482733,5.380313467482118,1.4959602098292455,2.3068034282879077,3.051466944255009,0.986148168043911,1.8238297515284931,2.140943885941463,0.8923425146450583,0.10290168666760924,1.4614239357408063,1.4613425908185884,0.10289464406331886,2.2699490862866294,0.9479712697583487,6.891570228482733,5.380313467482118,1.4959602098292455,2.3068034282879077,3.051466944255009,2.140943885941463,0.8923425146450583,3.26332080075831,1.595734404467754,0.8297972587029356,-0.741151654983665,3.0065052725944668,2.0783155050499214,0.9298747443307315,0.9346829904962295,-0.0077293973011335,0.8917795461054208,0.7324247088034918,1.866951084096771,2.5913964111621457,-0.7698071736478702,0.8872767982239373,1.6838188759875095,0.7681823041957351,0.7949930640088636,0.18305781756433329,0.1894718643546939,0.5482440592907905,0.5674115830617328,0.2184082708410758,0.2260794711369179,0.27398397193800966,0.28358291918744366,0.2733988429479512,0.28297971006022804
10,66.59112582662732,59.6195428275898,6.92157653530732,3.704069340497168,3.206777747121035,0.9285440375795437,2.7619419882216807,1.2260570636371557,1.529425725247288,56.71637395350498,2.8314139155991587,51.43167036967696,45.43540436112999,5.907872849670863,5.216826208366586,2.4420819614689004,2.7617466429360302,1.5292943997177315,1.2259937087114943,7.279769999931635,4.925802067845874,2.3515738149474252,3.4362618277309767,1.487875114824653,38.091118052718734,8.926233005556657,29.14005016376498,7.126865834513481,22.00350871182147,7.126001421825737,14.84112842439649,1.2396562404591531,13.562913067163821,6.772181256548976,5.288348580272815,1.4760295547846831,2.2713748897787647,3.005846031964848,0.969322633320247,1.8755963580827062,2.113916623597184,0.8830603337057074,0.1015750040202016,1.4267987230231498,1.4266752981039186,0.10156724260954268,2.3325229080234418,0.932651174116042,6.772181256548976,5.288348580272815,1.4760295547846831,2.2713748897787647,3.005846031964848,2.113916623597184,0.8830603337057074,3.3615297768590104,1.6432282569014285,0.8549077375944355,-0.7622950873660876,3.0904990197444078,2.134916639758636,0.9576945818280285,0.9620887792359574,-0.007231852867987871,0.9224455942352628,0.7551076049409985,1.9201523805310967,2.6675986044251063,-0.7939039040309631,0.9127152536403068,1.7339197484648896,0.7553939029926567,0.781090530762859,0.18104843085941918,0.18719361179796315,0.5385518099882158,0.5569000623289768,0.2160807429937689,0.22342977207113277,0.26934896004588776,0.27853224019852424,0.2687866102832933,0.27795220116816116
11,65.79244790977991,58.73175268232451,6.913100951711021,3.672883106721314,3.212747199726255,0.9347379384032729,2.6976183657286166,1.1969288704690575,1.481185316406848,55.716170726984984,2.832731861416203,50.32101804214563,44.378209171826924,5.681800120339291,5.194735195841754,2.4563098675202264,2.697486997272631,1.4810960646571498,1.1968895511211046,7.015216523697948,4.752616253176792,2.2555245875184484,3.313806772436903,1.4338670825173128,37.17246835187888,8.577246870058275,28.521867787640378,6.861687669511509,21.63159703157992,6.860985612973701,14.663139925071437,1.1887726746246028,13.360413640300091,6.652778270393913,5.207585118455678,1.422095516023469,2.206621061751398,2.9678646585967137,0.9552412185935122,1.8858625524265502,2.070615724444171,0.870434889602428,0.0972383299585008,1.3806688013460846,1.3805864031213932,0.09723177921716715,2.346557123825545,0.9205594643084231,6.652778270393913,5.207585118455678,1.422095516023469,2.206621061751398,2.9678646585967137,2.070615724444171,0.870434889602428,3.3769567216001604,1.6519392516765719,0.8550817572973075,-0.7699116773955265,3.1083435780862776,2.1487429834767897,0.9617982922182153,0.9684166364066322,-0.009377255131292762,0.9326243207542113,0.7633696817688604,1.9249456139769536,2.681728410167294,-0.8009680427310972,0.9108370572052208,1.7391290243452797,0.7438810205671027,0.7678903139701263,0.17917750301472782,0.18498895036377436,0.5276780646678759,0.544734318476598,0.21394817028521826,0.22090397617854102,0.2634718419308468,0.27200688653993527,0.26296247383839194,0.27148315138510165
12,64.90907045420184,57.916467693919,6.900757120071655,3.6351847947543434,3.2476448484752436,0.9552118547434644,2.6549121214509794,1.1830907608728722,1.4600756992573969,54.93301344355814,2.8638572873858337,49.61526669775979,43.80662503741036,5.646240252959897,5.1930371909297905,2.513427752523257,2.654723738218844,1.4599522321571774,1.183026305265941,6.971158821612328,4.717466043821407,2.249299834219716,3.289459593324912,1.4249501278768348,36.71692791956086,8.530594776096693,28.14070515025086,6.808691061494968,21.31423702126057,6.807961298085974,14.439431430229094,1.185880418769821,13.182696118235958,6.574306132505754,5.147938506221982,1.4120458208926112,2.18754643722146,2.9399898246417746,0.9466512703336203,1.9277180214967022,2.0572637820333735,0.8665291486582044,0.09667084260700895,1.3615103914618845,1.3613943261324228,0.09666354064079392,2.396460328335194,0.9131223926084882,6.574306132505754,5.147938506221982,1.4120458208926112,2.18754643722146,2.9399898246417746,2.0572637820333735,0.8665291486582044,3.4575282429115286,1.690381827109463,0.8754826506788403,-0.7865120635915773,3.176554845574494,2.1960949930015174,0.9834419649602812,0.9911434894717719,-0.010198071759517313,0.9581251275173674,0.7819393023449145,1.969206549199555,2.745134094133092,-0.8209371910369411,0.9313301268394162,1.7798668114802563,0.7375638440716484,0.7607361895203535,0.178690483178991,0.1843014875521452,0.5227455930514697,0.5391918353752827,0.2134371432214161,0.22015285916526522,0.26124415864513234,0.269471691279123,0.26075145361089047,0.26896485041807827
13,64.29602882991239,57.291992150596926,6.847600733505398,3.6058024850586072,3.2128268374607165,0.9416547851649765,2.6212748193155617,1.168297508161934,1.4326264285097539,54.26742330075883,2.8315933855682465,48.91225801725164,43.13657840658225,5.499016882663424,5.142719480433272,2.4781854240314285,2.6211434864794514,1.4325393448760217,1.1682542674147351,6.79783088142256,4.605356707307693,2.1849877701253075,3.210462858143876,1.3896695099586278,36.13679542423431,8.301929586549118,27.757122463827482,6.638251823000606,21.08857792285819,6.637633173988368,14.337037151680375,1.1517013256105442,13.064567607366147,6.503226388064981,5.101395422517568,1.377401094883424,2.1476068030870388,2.9188560595414486,0.940254097040335,1.8992160267653206,2.0312241275138283,0.8595166576898735,0.09396604583416021,1.3352991086769528,1.3352180000489442,0.09396014238953841,2.362109405006674,0.908024601447802,6.503226388064981,5.101395422517568,1.377401094883424,2.1476068030870388,2.9188560595414486,2.0312241275138283,0.8595166576898735,3.405581447087478,1.6651712183975924,0.860050344961446,-0.7761747046818536,3.1289038853778393,2.1653458591749026,0.9667538485739285,0.9778387172854964,-0.013372775430654158,0.9449198479487868,0.7717364671224601,1.9372772527124806,2.7043373724282427,-0.8111229594133378,0.9128435271544154,1.7509979525495942,0.7321913233165781,0.7542613823762593,0.17810570213003096,0.18349615151338763,0.5170082505711663,0.5326128823934454,0.21281509519874708,0.21927071849386,0.25808466889024256,0.2658897316004961,0.2576272996841857,0.2654203259690692
14,63.60047545546662,56.6605407958405,6.83642595675489,3.580522211247604,3.235996035363173,0.955485465698123,2.596813593026515,1.1621862994399421,1.4214277927562953,53.67468133956793,2.852978585099735,48.39227311301559,42.72745594173535,5.481772188042536,5.141843525947147,2.517035768915738,2.596640739466413,1.4213157444110336,1.162125755253641,6.775062002284022,4.586506099767823,2.183611561948087,3.1978335703369085,1.3852313901805475,35.818783558437545,8.280944527775127,27.486413309010015,6.610825812869994,20.855551232594436,6.610189574731252,14.170017423999877,1.1512557350419248,12.938894669613223,6.450241260969418,5.061607449735361,1.372512216788942,2.1376234306303883,2.901024828033242,0.9361252757840941,1.9279060883732382,2.0247755645369505,0.8580313553266761,0.09376257350322166,1.3255417370912685,1.325436357171697,0.0937559675221152,2.3956680794700724,0.9047346880596986,6.450241260969418,5.061607449735361,1.372512216788942,2.1376234306303883,2.901024828033242,2.0247755645369505,0.8580313553266761,3.4612984130774986,1.6911687061661396,0.8744499876538475,-0.78645639628013,3.1751091603694523,2.1983057952602625,0.9808845298368959,0.9936776111303567,-0.01474808809886405,0.9624847526099837,0.7841480369864839,1.9687336476679065,2.7488489141709045,-0.8248182458402782,0.9271726543138143,1.7790677252678084,0.7293314694543175,0.7508062382479901,0.17828059264913235,0.18352898328991904,0.5146977940610156,0.5298729236604952,0.21308190149209744,0.21936739802965607,0.2571514014049255,0.26474124659240544,0.2567054148554586,0.26428335762536675
15,63.12376350691961,56.22796242021058,6.758094514509739,3.5519124599902496,3.180458224427795,0.9318339457448299,2.582434554986648,1.15641082378882,1.4082773807690907,53.252184520369944,2.804195140114649,47.988450248540744,42.346231931446816,5.398668914138633,5.076709281195896,2.456418168521337,2.5823060862541585,1.4081928838578817,1.1563666623251598,6.676462972310449,4.523505739896712,2.146378041327603,3.1536606735530834,1.3652561941695127,35.491986488918,8.151173335210643,27.272382171527628,6.515789550801574,20.729928885330516,6.515220392948312,14.114440301575517,1.1314082118983775,12.876730126674001,6.412796727866191,5.038035115549361,1.3532969034575517,2.116489519007079,2.890900759760356,0.9342448003554896,1.880253038123759,2.0114860602476647,0.8548647086874968,0.09232368534982224,1.3130540740047356,1.312974851261218,0.09231833116775394,2.3370822794763293,0.9036025051655951,6.412796727866191,5.038035115549361,1.3532969034575517,2.116489519007079,2.890900759760356,2.0114860602476647,0.8548647086874968,3.375511976695089,1.6486466747406645,0.852068218151992,-0.7660914484189688,3.094203189122533,2.1445461621886435,0.9540007503849374,0.9702085409335064,-0.017905331928625826,0.9367109404649832,0.7638816210569427,1.919388457940678,2.680525617500548,-0.8057772271345262,0.9016193087368863,1.7336189189679714,0.7276389275030872,0.7484841023855257,0.17837714375020483,0.18349708196733341,0.5123187863993603,0.5270150220705316,0.21324760109878071,0.21938143784399208,0.25580763031692794,0.26315674806625267,0.25538221011522727,0.2627205730485563
16,62.606011789517325,55.76767502158902,6.744583339860874,3.5352624336805833,3.1911250885225706,0.9388477678915224,2.570913511953978,1.155189866891979,1.4037934030184012,52.83125709326203,2.814780843824745,47.63139288122005,42.07328209479117,5.392308306471535,5.0725379477930135,2.476422936871702,2.570757800320601,1.4036926296234724,1.1551349920037635,6.66646482013529,4.515059285701264,2.146932750543297,3.1484443505048585,1.3635010960533407,35.28578958010718,8.144581149331714,27.094629038127476,6.504636943830743,20.571843804509086,6.504059352919293,13.999535698999017,1.131867001922238,12.795321728664721,6.380266228381116,5.014067704123209,1.3516133614311021,2.1126168680204374,2.8806854253409075,0.9329058003838134,1.8954862305931937,2.0094259995614716,0.8547883802411803,0.09230792182320466,1.3095697263443526,1.3094749080699337,0.09230198904073483,2.354272788015571,0.902806373330908,6.380266228381116,5.014067704123209,1.3516133614311021,2.1126168680204374,2.8806854253409075,2.0094259995614716,0.8547883802411803,3.4051758070761156,1.661907174105111,0.8601129412658091,-0.7703038256590263,3.118017412073688,2.1623329398602613,0.9608337646960514,0.9788462595269702,-0.019386032211317447,0.9460653265220744,0.7701120216991288,1.9370841487243378,2.705035805532832,-0.8129166913676309,0.909458180402941,1.7484763988290175,0.726891864704911,0.7473628622314819,0.17883217728705136,0.183863854557205,0.5116566539982995,0.5260855138352437,0.21383237137930014,0.21986058599895456,0.25565799071709405,0.2628741272239815,0.2552394563978718,0.26244492599215863
17,62.261615355584546,55.49613572864745,6.663139442784635,3.5105913045436172,3.1329243273140714,0.9133235914658755,2.569401954427224,1.1554906824176832,1.4008304174962678,52.60024681937548,2.764715430392726,47.452976875001774,41.91190476089954,5.360073424121286,5.008273959107721,2.411140989076403,2.569276148918371,1.4007476832873378,1.1554467350152688,6.627508647207614,4.49090402276458,2.1317223250163426,3.131761317290768,1.3557391268210075,35.15227299979206,8.093689380577734,27.007733053495496,6.468775398536194,20.519144330119975,6.4682305598618415,13.976402395736624,1.1237173741230393,12.773693761239949,6.36785305048608,5.007378679829741,1.3445495375867542,2.106009831392485,2.8786689758551005,0.9338690357750802,1.8450397948173631,2.0060343703755232,0.8545408653502312,0.0918342633250798,1.3068792234591518,1.3068013289501412,0.09182927657725865,2.2918011856707734,0.9040818744212986,6.36785305048608,5.007378679829741,1.3445495375867542,2.106009831392485,2.8786689758551005,2.0060343703755232,0.8545408653502312,3.3141750993427332,1.6164698267091366,0.8375279444412111,-0.7474759470550479,3.031808115221163,2.104447087875599,0.9327691456258961,0.953471073894075,-0.02182962483985795,0.9177626240865256,0.7476160776524133,1.886090058259933,2.6325729032538563,-0.7916493641358449,0.8842140155669176,1.701078521720664,0.7275620273396854,0.747777072954431,0.1793087412888843,0.18428651070010318,0.5116011058926087,0.5258356098133377,0.21442927821582633,0.22039380050546561,0.2555901802286484,0.262708149675969,0.2551804726781228,0.26228822695996296
18,61.923677238428056,55.20487966191554,6.648265490448439,3.501002220098472,3.1330891104469543,0.9144579409874286,2.5674495081489335,1.1574719650419603,1.4010222746837848,52.34389557549291,2.765991770599651,47.24723459349096,41.761623690317414,5.36087749443604,5.000871882518203,2.4148321935685155,2.567308924294745,1.4009308706900538,1.1574226832620953,6.62620678286941,4.489792478726551,2.133052753091872,3.131671599615612,1.3557802008477562,35.044365727297595,8.096095181741068,26.91323005591847,6.46884577326034,20.430731653272385,6.468299496061799,13.911087473096789,1.1244834839917803,12.732175462203047,6.353003134816253,4.997028253370664,1.3450130631829489,2.1065266717149385,2.8748998424305707,0.9344263287273419,1.8485782894093268,2.0070970394117933,0.8554363859598235,0.09191723676928669,1.3076697998170796,1.3075837749805226,0.0919118454476038,2.295035484877625,0.9049195550216323,6.353003134816253,4.997028253370664,1.3450130631829489,2.1065266717149385,2.8748998424305707,2.0070970394117933,0.8554363859598235,3.3209951887521996,1.618820839060495,0.8398119660031261,-0.7469303919270954,3.0365294024204825,2.108998558556533,0.9335502650957036,0.9558073265817062,-0.023123488104742428,0.9200963811749898,0.7487213099194793,1.8913566625474147,2.6393853989479825,-0.7931411129899733,0.8862036631727167,1.7043431239364928,0.7282100785462978,0.7482409490879308,0.17986523207606664,0.18480161301231696,0.5120378312173649,0.5261421007536382,0.21511896915051043,0.2210341174645625,0.25593747651329984,0.262991685414526,0.25553107938134534,0.26257514668636456
19,61.71209415140951,55.07051409674562,6.580880600366001,3.4834226844210825,3.084999618486879,0.8928877361434228,2.5741432278637557,1.1616345629866067,1.4048352481249469,52.26161964271912,2.7252943652027395,47.22949453573027,41.757002059713834,5.365152679846451,4.949691870029739,2.359709324696802,2.5740186874430053,1.404753143451873,1.1615910269346867,6.630239977189237,4.4935004197576225,2.1338476645956925,3.1346711792388806,1.3568149882002258,35.04840858433282,8.101962336223085,26.916293321542145,6.475239227312885,20.429305706141903,6.474701044832347,13.910421136759256,1.1248545817892013,12.738730099020177,6.358106375469426,5.00206058361601,1.3466170099651131,2.11015985390056,2.8784905471872726,0.93703434527655,1.8066171634952952,2.010680099722247,0.857204743871743,0.09211050913057577,1.3114990897069132,1.3114216253392428,0.09210570710971082,2.2427940631059142,0.9075242383833892,6.358106375469426,5.00206058361601,1.3466170099651131,2.11015985390056,2.8784905471872726,2.010680099722247,0.857204743871743,3.245015748979741,1.5807055410838002,0.8216217253258946,-0.7271754128059873,2.964516509691051,2.060252688228431,0.910498154282863,0.9343940174426619,-0.024569241645528938,0.8962302012400032,0.7295282838033735,1.8495610031165968,2.579053733300191,-0.7747689447638573,0.866185743287693,1.6652195273204893,0.7302747743689177,0.7503181292177816,0.18052022915650523,0.18545751307063485,0.513462464563755,0.5275755252560472,0.21591139666832537,0.22182764870408278,0.2566915716969151,0.26374947838939033,0.2562855296012544,0.26333327701143733
20,61.54263044386751,54.93349802534175,6.567210982466042,3.4797608589534423,3.078212174595951,0.8899258258529744,2.578609542517775,1.1653951752775105,1.4079082168091606,52.15107573053435,2.7202141353084985,47.153110129720304,41.708837384352314,5.370148558542299,4.941041419054085,2.351975397278207,2.5784802692983755,1.4078235124480216,1.1653504141070923,6.634394831981762,4.497063395315707,2.135334936188175,3.1377374774942206,1.357935624135593,35.02033343121919,8.10932177026486,26.89018884048566,6.482174800996727,20.399900907099656,6.481639643983407,13.887748470153918,1.125626914501385,12.729775813681995,6.357112726034773,5.002279277415722,1.348323388414851,2.1134005268391207,2.879617155186773,0.9387332996681201,1.8018117002718474,2.013638831310964,0.8586474401649818,0.09223382205266338,1.3148262750248498,1.314746553093509,0.0922288032167122,2.236278568088756,0.9092969530070736,6.357112726034773,5.002279277415722,1.348323388414851,2.1134005268391207,2.879617155186773,2.013638831310964,0.8586474401649818,3.2355580983162677,1.575489477804658,0.8196335492545908,-0.723707371602367,2.9559490088785974,2.055372013594733,0.9071801085426181,0.9321982723563147,-0.025520569652998374,0.8935991354669083,0.7271532378310315,1.8456422710824616,2.573020263555984,-0.772314669514925,0.8638878373528128,1.6602262420226943,0.7317246167927965,0.7517286770708719,0.18106217292624158,0.185993926299292,0.5145303812733919,0.5286167007412785,0.21657002427515396,0.22247993234198574,0.2572994280483879,0.2643455692372872,0.25689412272260725,0.2639301731333162
21,61.45094214695203,54.90555413047059,6.522913933617149,3.470437102387753,3.046587229644105,0.8753670559452421,2.589191510136286,1.17127703040821,1.4151592740501713,52.17164140880446,2.6939758211111777,47.23216740383443,41.797070884739576,5.395379094552033,4.90897051023203,2.314841730387278,2.5890669197246625,1.4150769121950404,1.1712338069718968,6.663233153551705,4.516720340641087,2.1454442878821935,3.1519557400605533,1.3640224224598674,35.10484769335665,8.147855413225246,26.94583805811026,6.512668849808065,20.428823631576382,6.512126286628977,13.900353967502108,1.13096687356538,12.75206626475027,6.371871893262352,5.013568800270619,1.3548238169784308,2.122608471916987,2.8860419066124097,0.941887580586616,1.7739690915552262,2.0208689977385466,0.8613710514808613,0.0927866807624281,1.321948967794258,1.3218712260819696,0.09278192292511471,2.201408861211146,0.9122618623596837,6.371871893262352,5.013568800270619,1.3548238169784308,2.122608471916987,2.8860419066124097,2.0208689977385466,0.8613710514808613,3.185008780314231,1.549988240674904,0.8080646956709714,-0.7099941843917779,2.907930792000951,2.0225425836507567,0.8921367051577885,0.91777535509687,-0.026020524975409336,0.8775670751999424,0.7140568653076378,1.8184027091522799,2.5329701739645953,-0.7596191156474826,0.8513784395130533,1.6345390468275995,0.7342799480304486,0.754452644734313,0.1817171746914392,0.1866823578692556,0.5166036862041542,0.5308167098145151,0.21735056594794933,0.22330006013875864,0.2584206607950198,0.26552976640625175,0.25801066696688096,0.26510939782102955
22,61.417191473406206,54.8889487747842,6.51281516272863,3.4711853443845926,3.0369533678188194,0.8705132322926216,2.5967225990222746,1.1754304813277172,1.419355201018562,52.17100252189574,2.686068799567129,47.24867678559452,41.819693916480915,5.4017271629821755,4.901394622583457,2.3017433141783212,2.596600178595256,1.4192743505741021,1.1753887046483456,6.669638180735824,4.522252033672605,2.1466519921032003,3.1562155536409247,1.3655252872462929,35.13015904086089,8.156455801606038,26.966046479547717,6.522161036963091,20.440902141882166,6.5216234882457575,13.908058430822138,1.1315478568825361,12.764616179528547,6.379449097687547,5.020158692551705,1.3568974349544514,2.126821895854388,2.88993591832164,0.9439559859946576,1.7650308910389643,2.0243815843999555,0.8628730962453833,0.09290562530476272,1.3261420925346004,1.326066015492747,0.0929008098587076,2.1902596974147004,0.9142689341068714,6.379449097687547,5.020158692551705,1.3568974349544514,2.126821895854388,2.88993591832164,2.0243815843999555,0.8628730962453833,3.1675816413341233,1.5412557119586674,0.8038468054131688,-0.7055185523719825,2.893052299883643,2.012936772920336,0.8870051557008046,0.9132687553968132,-0.026566367477401973,0.8724731528510316,0.7100770822636585,1.8096546915301297,2.520333441938497,-0.7552884742145206,0.846907780820521,1.6255331056024305,0.735939167633978,0.7561638829018485,0.18214998311719469,0.18713174405647962,0.5178424964558209,0.5320935805913274,0.21786876303853314,0.22383840131895713,0.2590654034779489,0.26619503633738173,0.25865456979380447,0.26577388556306003
23,61.416226329534744,54.92897499411605,6.492496891884059,3.469028663490165,3.022338029469307,0.8634680670881671,2.607296192808938,1.1810661439787684,1.4270097982743577,52.2462585378748,2.674435436736946,47.365201846862895,41.94120297878517,5.4333197096222685,4.888212527021618,2.283879199648225,2.607170772596469,1.4269267175875004,1.1810231021847928,6.706189169221305,4.546656369048381,2.159785058872689,3.173695860115872,1.37313911810144,35.24182059633853,8.205047386120146,27.039395033549006,6.559714315361768,20.480702828122073,6.559162132180799,13.925384511286317,1.138511110183651,12.790953349045365,6.396460201737526,5.032531040018655,1.3647582594644234,2.137203696384434,2.89654651342593,0.9467203903268715,1.7519472551937554,2.0320922598303808,0.8655370340346764,0.09353925491183375,1.3336173216199334,1.3335389553921342,0.09353445141191592,2.1736719236000983,0.9167803277524695,6.396460201737526,5.032531040018655,1.3647582594644234,2.137203696384434,2.89654651342593,2.0320922598303808,0.8655370340346764,3.143807792876823,1.5291030278933233,0.7989552416022844,-0.6984521460534676,2.870179066743361,1.9969698581888748,0.8801692788954426,0.9062864069489005,-0.026370339035717102,0.8646955340019223,0.7035175776630367,1.7973649936704583,2.501482608437856,-0.7488549337821221,0.8418156966720475,1.613788415538647,0.7382067990063022,0.7586513864416639,0.1826600139885062,0.1876862754246881,0.51982550785081,0.5342422143971586,0.21846979177890935,0.22449210043391407,0.2601473477475848,0.267359699269452,0.2597299824988944,0.26693164221555016
24,61.46974828885648,54.986336694429376,6.4870941975713725,3.4722735854612945,3.013429662204885,0.8587245637039825,2.6148428795673335,1.184475722586845,1.43085396910021,52.309473681601325,2.666843650052683,47.43122906632033,41.99899769123373,5.438783174766258,4.883276508785129,2.2709347680051164,2.6147231314800923,1.4307744279688352,1.1844353442239235,6.712189351859036,4.551888487566651,2.1604768491268254,3.177545571220901,1.3744655662429157,35.29159035432559,8.212076370561562,27.08135411680715,6.568253463920969,20.513817612739608,6.567706266695764,13.948807633681634,1.138807725189617,12.812857920594832,6.4071159725263716,5.04117944927227,1.3665119568706527,2.140929545087689,2.9010727448032374,0.9485033787552658,1.7428115420278962,2.0350409313464284,0.8666965424401315,0.09362486446571684,1.337309543091752,1.3372347302719232,0.09362010776253628,2.1625764781524888,0.9184396664124815,6.4071159725263716,5.04117944927227,1.3665119568706527,2.140929545087689,2.9010727448032374,2.0350409313464284,0.8666965424401315,3.1261000159867782,1.5205039943422947,0.7944912949307542,-0.6945072404925852,2.8553174633494676,1.9869948883264799,0.87525705211532,0.9015497998505889,-0.026539636995915692,0.859442940932475,0.6995902319960126,1.7879848611726386,2.4881441769150503,-0.744517261310635,0.8371985852709537,1.6047016098683984,0.7395861608456255,0.760122137097055,0.1829253125597682,0.1879767789563345,0.5208615449064125,0.5353440384876766,0.21878183007563953,0.22483455277525227,0.26065593613115867,0.2679022906849094,0.26023704375821816,0.26747274463322956
25,61.52159296833441,55.055764072306246,6.485609493009084,3.4747788831135606,3.0121945781507473,0.8577632714249125,2.6227382611482817,1.188540226230537,1.4368041533830962,52.397595319591105,2.6664811700257114,47.54021956450777,42.109181638436404,5.466071675316857,4.884278597900392,2.2686436158562455,2.6226117792039068,1.4367202883554078,1.188497268460663,6.743950302284448,4.572864303498388,2.172030386582822,3.192490421773186,1.381034318086647,35.39080717061853,8.254200106648012,27.14645137134124,6.6004096437402175,20.54987785402234,6.599847161352134,13.964457741255412,1.1449441432401388,12.83481171070555,6.4210855591005105,5.051000474860017,1.3731706390313387,2.149350739478699,2.9060735837047336,0.9503279780093675,1.7414670408893738,2.041044917121847,0.8686326516905009,0.09414432782282592,1.3430960561745227,1.3430170353273005,0.09413943667026162,2.1606061955656815,0.9200386517413446,6.4210855591005105,5.051000474860017,1.3731706390313387,2.149350739478699,2.9060735837047336,2.041044917121847,0.8686326516905009,3.1236887042430794,1.5190488107333495,0.7947279446351392,-0.6929458699164441,2.852488121932879,1.984609309377716,0.8748221926743558,0.9005660278797021,-0.025994605034193142,0.8582337000995102,0.6983314913442564,1.7874043333326666,2.486139177944352,-0.7432607091761515,0.8377132761299688,1.6039486045544162,0.7411015816516527,0.7618313813535926,0.18321905797053709,0.18831007175673206,0.5222818593179066,0.5369107005575278,0.21912284658886025,0.22522235321539524,0.2614368452497553,0.2687564846066626,0.26101199078236426,0.26832064045082155
26,61.61227073717706,55.141338169975825,6.4845064181328445,3.4786934250364268,3.006119557308437,0.854372869559579,2.6283259382440862,1.1906220808583876,1.4394403619328728,52.48148519170469,2.66113114487807,47.61763955068272,42.17214896444268,5.469540996612856,4.882315732147755,2.259302988643818,2.6282057154833627,1.4393603040399239,1.1905818182345078,6.74808505295052,4.576515175322877,2.1722170332119,3.195067738592062,1.3818981767698288,35.44161957207973,8.258395555555161,27.189979815567476,6.6061083560937925,20.586503702331257,6.605549588740969,13.99085369268315,1.1449848118040746,12.856362865316985,6.430703915271069,5.0585484293052945,1.374267565534982,2.151800516638038,2.9097559959130916,0.9514724444579425,1.734690448110613,2.0428708909888327,0.86927683242773,0.09418762859711524,1.345532466136644,1.3454571907606858,0.09418283052932397,2.152539810485049,0.9210552377655653,6.430703915271069,5.0585484293052945,1.374267565534982,2.151800516638038,2.9097559959130916,2.0428708909888327,0.86927683242773,3.1106252125828577,1.5128537542018463,0.7913436266171509,-0.6903599624887883,2.841642420097517,1.9771045464078365,0.8713673550155013,0.8969730191442151,-0.02589343340057414,0.8543127320425236,0.6954873519083271,1.7802084713911248,2.476006554770111,-0.7400903338414088,0.8342762527773484,1.597287034885004,0.7419522838807806,0.7627728032897185,0.1833154797627045,0.1884301670958505,0.5229256949822982,0.5376195579106471,0.2192308304894096,0.22535881859237616,0.2617313810046964,0.26908412995248115,0.261304985920541,0.2686467612047976
27,61.6815799877238,55.21041915370431,6.493989384518828,3.483148386047844,3.012726902618426,0.8570886759619624,2.632612829467365,1.1927077916948372,1.442863597853669,52.55500444138497,2.6672009609942937,47.69502219766957,42.248059384227325,5.487387227734122,4.891025589142193,2.2663824758338595,2.632485491967411,1.442779114428104,1.1926648641133568,6.7689991350800005,4.590160376638433,2.1799279790425024,3.2047312325849355,1.3861896105362164,35.508570003961225,8.286056652966709,27.233870951390504,6.62692684929443,20.611369690961144,6.6263562485963385,14.001657336434503,1.14908750978655,12.870216344238964,6.439351629139276,5.064378826839394,1.3785291545186673,2.156919837086268,2.912540726305556,0.9522811819597784,1.7403039541759895,2.0463402374727266,0.8702897959566308,0.09450873707731734,1.3488409258630742,1.3487614247431092,0.09450375649838376,2.1593024125436657,0.9217117212139674,6.439351629139276,5.064378826839394,1.3785291545186673,2.156919837086268,2.912540726305556,2.0463402374727266,0.8702897959566308,3.1208723824777027,1.5177906167418795,0.7944314785851474,-0.6922694262998053,2.850783361919274,1.9829478498377011,0.8746362144436666,0.8996135185315397,-0.025298249823953598,0.8570549025837682,0.6974976610756185,1.7863925234061742,2.483986723510843,-0.7420611439624397,0.8378404527134424,1.6029313682116264,0.742640010190341,0.763589914324279,0.183407160217745,0.1885484058530441,0.5236533543118381,0.5384451504079248,0.21933198844342405,0.22549137487346133,0.2621361852940609,0.269538095062745,0.2617056757185219,0.2690963830007859
28,61.77081567574449,55.29061874619017,6.495749000980028,3.4864715141050895,3.0099203339446214,0.8553830739453513,2.635633632611098,1.1934848586767282,1.4441303198198956,52.62955488093975,2.664584225648673,47.759350162737185,42.29804590189258,5.488854467106558,4.891362271389472,2.2616060921381544,2.635511229283464,1.4440488272151721,1.1934439441968874,6.771045073718578,4.5919934759533625,2.179793125001363,3.2059348433543096,1.3865750386242228,35.54711128835191,8.287601021260363,27.267249347506517,6.62956647588739,20.64069821711028,6.628997913303661,14.023040692272838,1.1489795067807607,12.88608257037601,6.445930988586577,5.069375731019512,1.3789750471305862,2.15801549685683,2.9148047333855587,0.9527680016730763,1.7366965901136016,2.047061700034085,0.8704756341906453,0.0945173729826935,1.3499310452361082,1.3498544204806078,0.09451248611665125,2.155132684034157,0.9221006947545882,6.445930988586577,5.069375731019512,1.3789750471305862,2.15801549685683,2.9148047333855587,2.047061700034085,0.8704756341906453,3.113964577852013,1.5146262419758367,0.7925791407662512,-0.691141673981716,2.845131197825403,1.9788564769009251,0.8729417707938472,0.8976347481701968,-0.025065692188781637,0.8549436556383323,0.6960286874704524,1.7823790241022568,2.478401594313156,-0.7404030334821504,0.8360068580505016,1.5994445349930246,0.7429709136020316,0.7639881835310318,0.1833821394063043,0.1885401574208498,0.5239086124472648,0.5387485354891302,0.21929538844949906,0.22547489977437932,0.26223317725180145,0.2696592993688465,0.2618015061489667,0.26921642470185553
29,61.833044322067764,55.342809305307924,6.508817219738856,3.4908480450421915,3.019124722811122,0.859406590290371,2.636822196581827,1.1939308115743203,1.4452769495532896,52.67712852886303,2.6726121359749775,47.80036504142947,42.336311561123665,5.496964814917403,4.902037683590891,2.2719727885448178,2.6366943480313663,1.445192114884728,1.1938878834294344,6.780694172457016,4.598138931806845,2.1834417671501964,3.2102324698937523,1.388524809416271,35.579641895546935,8.30027563502273,27.288612321460516,6.638829831712608,20.65338518502344,6.638254389317863,14.028679856967093,1.1509272316811197,12.89211673170567,6.4495120082499655,5.0715755085753695,1.3808302285078184,2.160008595971532,2.9156937976485766,0.9528183461733241,1.7446623264343368,2.0482622495823257,0.8707285306860162,0.09464787609003698,1.3510165585200775,1.350936806556956,0.09464282769400022,2.1649241226791123,0.9220777641331257,6.4495120082499655,5.0715755085753695,1.3808302285078184,2.160008595971532,2.9156937976485766,2.0482622495823257,0.8707285306860162,3.128471752719356,1.5217779173906736,0.7964187640724234,-0.694460530792573,2.858455781742834,1.9876990172608002,0.8773813229716477,0.9015754470770174,-0.02460759223986849,0.8591175021784986,0.6993029032590264,1.790660416362943,2.4897726882593996,-0.7436292445672368,0.8403082871057328,1.6071189615003296,0.7430324574483737,0.7641106591385667,0.1833400491889805,0.18851071952108248,0.524071802715674,0.5389579942359025,0.219239724016535,0.22543418081892022,0.26232851327087064,0.26977794516532705,0.26189480315681596,0.26933292111407486
30,61.899620985296345,55.40041062645933,6.511788524712786,3.4930376541203447,3.0188791208076986,0.8590773560150685,2.6376866398983982,1.1938029269823993,1.4454833997305612,52.728301583848285,2.672210704412872,47.84180445097569,42.367050784289255,5.497043083940035,4.9036144618801885,2.2709617331960685,2.637561715696122,1.4454003252170968,1.1937611108718502,6.781178270070259,4.598576451394255,2.183201769682431,3.2104230516096397,1.3885711822464468,35.60214282991486,8.300100825370006,27.30830340215332,6.639211961599408,20.67153104458448,6.638637101758633,14.04206899822584,1.150784727694875,12.901010287624667,6.452843133054883,5.073975741247647,1.3808253982657637,2.1601115819395784,2.916650491127086,0.952835435812062,1.7437488334110531,2.0482272769939036,0.8706308457817855,0.09463677181766118,1.351102913649892,1.35102480650671,0.09463179284015491,2.163995508807588,0.9220381309071063,6.452843133054883,5.073975741247647,1.3808253982657637,2.1601115819395784,2.916650491127086,2.0482272769939036,0.8706308457817855,3.1267633980565095,1.5211113857617595,0.7958965589842419,-0.6944300801879446,2.857144482753406,1.986559234435597,0.8771000894341306,0.9010042867314596,-0.02436407764049337,0.8585533368311051,0.698975271503013,1.7894525415771914,2.4881560281273143,-0.7432372008789147,0.8398392539512364,1.606294002531932,0.7430056793279883,0.7641214650289634,0.18325790818861235,0.18843734819210717,0.5240569728421212,0.5389698641840647,0.21913689521777197,0.225341834157431,0.2622965113869778,0.2697591531751121,0.26186214332113367,0.26931346127347666
31,61.9431278107733,55.431142558742245,6.523433349705578,3.496278067068573,3.02708487035677,0.862745303061956,2.636949586582343,1.193271308015056,1.4451337988916981,52.75071987070021,2.6792035013734865,47.85370795697276,42.376083808805305,5.4979142891493575,4.91259394654919,2.280366484544775,2.6368215523106677,1.445048864800345,1.193228366500936,6.782400382863846,4.599181979833231,2.1837646442795675,3.210779586481959,1.388783008676116,35.60849424773856,8.30158330429861,27.312610785176386,6.639972353904516,20.674859275831896,6.639395095987179,14.043816383413345,1.1510925298133086,12.901577756516316,6.452917345732685,5.073770352132565,1.3809298302098088,2.1599467685124774,2.9163609596637916,0.9524882207320412,1.7508837939969282,2.0479423465732527,0.8704302672421919,0.09463307871015557,1.3507342058277134,1.3506543896157623,0.09462799346214336,2.172841526378118,0.921678294019997,6.452917345732685,5.073770352132565,1.3809298302098088,2.1599467685124774,2.9163609596637916,2.0479423465732527,0.8704302672421919,3.1397411085287894,1.5275753431425836,0.7991192299560074,-0.6976477662805475,2.8692280578035327,1.9947043796329056,0.8809995679152993,0.9046099002647523,-0.024104409195713203,0.862404530171606,0.7020773052299006,1.7966772003199654,2.4983626446418796,-0.7462944309837665,0.843394808358611,1.6130350155083715,0.7427324808555877,0.7638571077482875,0.18315913367722603,0.18834060405393854,0.5238866642071617,0.5388063617634902,0.2190165381525999,0.22522386546420495,0.26220679037130534,0.2696729462258107,0.2617720249292438,0.2692268394678982
32,61.98147304843113,55.4627728422754,6.526376764682139,3.4973533531733767,3.0283065604884816,0.8632436062378942,2.6364889881742504,1.1927171363261404,1.4447470249529202,52.77713459054106,2.680122753671854,47.87309903426231,42.38938650330833,5.49733101719206,4.914493915625824,2.281646519700045,2.6363620277708484,1.4446627063350495,1.192674529958829,6.782050575763688,4.598845327973021,2.1835716843665507,3.2104384639380665,1.388662025930057,35.61727682722654,8.300688191919466,27.320414299189718,6.639168960218778,20.682735927266574,6.638591342378391,14.049750504107898,1.1509901385265544,12.904702926778707,6.4537799738308905,5.0742657750887785,1.3807106198402703,2.1595335405175113,2.916434259260395,0.952271553875355,1.7516589133056688,2.0475550774679028,0.8702259635356869,0.09461607085868794,1.350286848547311,1.3502075894554126,0.09461102315732661,2.1738998703436105,0.9214411485121409,6.4537799738308905,5.0742657750887785,1.3807106198402703,2.1595335405175113,2.916434259260395,2.0475550774679028,0.8702259635356869,3.141277599760698,1.5284277153216363,0.7994477758036775,-0.6982177178711917,2.8705966926144626,1.9954531775734343,0.8815512316505861,0.9049459541047116,-0.02392018194035872,0.8628193911477574,0.7024501311384181,1.7972945109112737,2.499304590065074,-0.7466871120494232,0.8437813538527261,1.6138576801702467,0.7425383753705562,0.7636751616987312,0.18307216652472766,0.18825594120461236,0.5237428471653099,0.5386710215577211,0.21891027589578466,0.22512031801358262,0.26211988165393113,0.2695900197119436,0.26168489776748327,0.26914368277830053
33,62.004867191134345,55.475196972714585,6.534289021896178,3.499201643939907,3.033843667662444,0.8657553402455281,2.6349849494106654,1.1918339148230908,1.4437268699492816,52.781435060195605,2.6847422766991715,47.86746731180669,42.38144146238745,5.49423455018311,4.920271928152181,2.288061419914683,2.6348569495855285,1.4436419914658103,1.1917909525246368,6.778610011895936,4.596440698157412,2.1823898747212147,3.2086714722410377,1.387922592283888,35.60882293481625,8.29599658105955,27.315131906119415,6.635341821017834,20.680688344543906,6.63476483027725,14.049301763852197,1.1503683087872634,12.902513981946658,6.452117429475144,5.0729529681837535,1.3798845754396685,2.1583106238889402,2.9156627593144933,0.9518275220855504,1.7564690570456998,2.0466013917587285,0.8698572229632824,0.09454417019884012,1.3492725377323187,1.3491927783441708,0.0945390726458982,2.179912206603068,0.9210192610376271,6.452117429475144,5.0729529681837535,1.3798845754396685,2.1583106238889402,2.9156627593144933,2.0466013917587285,0.8698572229632824,3.150020845414244,1.5328240433418183,0.8014867553886164,-0.7005412056412745,2.8788429864089284,2.0010874086335773,0.8841365081600597,0.9074243892055646,-0.023835017957600586,0.8654926678915452,0.7046496282552808,1.802047368710227,2.506203036666846,-0.7488531051469426,0.8459959620209393,1.6183228127903817,0.7421770521995424,0.7632932131468874,0.18297361198108375,0.1881533735367632,0.523452577474452,0.5383651526093097,0.21879242891451786,0.22499772107763552,0.26196160332996793,0.26942398820066826,0.26152719194777385,0.26897826027304167
34,62.01940757516563,55.48585644989066,6.536559056402228,3.499473200638376,3.0355651624964057,0.8665728606407458,2.633997264050057,1.1912240945993842,1.4431550393581782,52.788837203711786,2.6861591076137383,47.871020399468485,42.38283013735594,5.493549869471836,4.9219326790408156,2.2902501867531355,2.633869068260283,1.4430700120092932,1.191180965975066,6.778030423922192,4.595863463685095,2.1823109197606003,3.2081945596522763,1.3877691490832682,35.60871191709098,8.295099730522429,27.315117811397684,6.634236689006287,20.68146776075764,6.633658922108428,14.050015159921086,1.1503342800950311,12.902019677453975,6.451572053804643,5.0724095971075105,1.3796333023335365,2.157771370266868,2.9153075839660367,0.9515640192899042,1.757955251592931,2.0461683012961767,0.8696674737430674,0.09453020358194915,1.3486856092807722,1.3486056701868416,0.09452511773467082,2.181769047906016,0.9207593811428365,6.451572053804643,5.0724095971075105,1.3796333023335365,2.157771370266868,2.9153075839660367,2.0461683012961767,0.8696674737430674,3.152915132955181,1.5342774812157287,0.8021889821167337,-0.7012896822532059,2.881305668955383,2.002664036438104,0.8849946022255741,0.9081637244382665,-0.023731326273598034,0.866329953788461,0.7053050441599036,1.803490919048668,2.5082843483447097,-0.7495696992637734,0.8467439642105106,1.6198235171393847,0.7419608732379763,0.7630728405239438,0.1829108638359153,0.1880889902781772,0.523288857727219,0.5381982405750104,0.21871698533566508,0.2249202749677721,0.26187370678275734,0.2693342480211244,0.261439364246609,0.26888857942345923
35,62.027199775658126,55.48644655173372,6.540475226719593,3.500154588815668,3.0382358343681104,0.86780473559929,2.6325429091734027,1.1904136227300672,1.442080382771911,52.783523979259456,2.688310552958523,47.85863174565635,42.36890013183088,5.489277762867719,4.92454401584464,2.293379376802609,2.6324150739103747,1.4419956244041,1.190370652159714,6.773163553688144,4.592590883479256,2.180559769682817,3.205832941320736,1.3867485608883239,35.595404673577136,8.288539876024306,27.306736768286534,6.629121344738585,20.677565469229158,6.628545633095838,14.048832045434054,1.149406711271666,12.89922544974619,6.449564263922689,5.070963302396666,1.3785595323261686,2.1563536067953004,2.9145451020659157,0.9512065480489013,1.7602527393590452,2.045153013407169,0.8693243755534582,0.09444322551593999,1.3476261259896076,1.347546473920363,0.09443813495082531,2.184679765116736,0.920435810235102,6.449564263922689,5.070963302396666,1.3785595323261686,2.1563536067953004,2.9145451020659157,2.045153013407169,0.8693243755534582,3.157093696701099,1.5364120513638881,0.803056595142568,-0.7025257492867941,2.8853273694056907,2.005471829141482,0.8861954346742259,0.9093871862643331,-0.023763156836781447,0.8676710708977604,0.7064440369775621,1.805667897847019,2.5115963630314,-0.750691172602127,0.847655712660281,1.621895630255798,0.7416641695259757,0.7627458984803249,0.182842241602943,0.1880143426204805,0.5230228365873,0.5379092677749044,0.21863612564646004,0.22483229327904086,0.26172643068865886,0.2691754920494908,0.2612930134162388,0.26873080375043557
36,62.026488370658704,55.48424802474339,6.541907961817999,3.499997785028003,3.039814910329197,0.8685904515795685,2.6315873215804984,1.1899576353598749,1.4415879347453675,52.77990677765296,2.689660104458923,47.8537509116431,42.36438993115556,5.488811497893174,4.9257338411603975,2.295511657831091,2.6314586585273867,1.441502657852732,1.1899142743812618,6.772729686300668,4.592115958144866,2.1805984967843854,3.2054636925324327,1.386641666328871,35.59125902010254,8.288016700328791,27.303087966987274,6.628258438434111,20.674769401429405,6.6276819286865285,14.046861403473443,1.1494370582150022,12.89718466651846,6.448534708671103,5.0701059773195905,1.3783804073657089,2.1559264276311683,2.914110198269727,0.9510059473445245,1.7617495129025402,2.044845645100036,0.8692078331999009,0.09443620497737762,1.3471447061524322,1.347064531036813,0.09443110825501416,2.1864998414741215,0.9202500725280451,6.448534708671103,5.0701059773195905,1.3783804073657089,2.1559264276311683,2.914110198269727,2.044845645100036,0.8692078331999009,3.159997539986196,1.5378259268353853,0.8037844992647403,-0.7031827252692667,2.887761365948166,2.0071000579614307,0.8870023623550886,0.9101587371053179,-0.023730069859974282,0.8685271174339368,0.7070875091288702,1.8071961636433254,2.5137718317582194,-0.7514039643266082,0.848411226969646,1.6233868900798631,0.741507410513649,0.7625777785097609,0.18281231032092643,0.18798122126736685,0.5229015243570041,0.5377796964391623,0.21860102823502817,0.2247933432000899,0.26166602466440847,0.2691107814393008,0.261232804494657,0.26866628430893674
37,62.02514354846299,55.47956351476988,6.542708440760549,3.499929142565478,3.040249185663779,0.8688054608674067,2.630604966659433,1.1894265315852022,1.4408031865443789,52.7720632090778,2.689926645797128,47.84218412479021,42.35196475466526,5.4851775008876364,4.926007412083169,2.2960416046037735,2.6304773199817744,1.4407185563407165,1.1893835620194875,6.768556101321084,4.589357310863139,2.179062305546013,3.2034869634852003,1.3857749279282359,35.579727750422066,8.282401261222764,27.295909675264003,6.62396978663005,20.671387800130933,6.62339551569892,14.04591604754644,1.1486210136910409,12.895093388195479,6.447017073332298,5.069081094967502,1.3774916206868448,2.1548282120836006,2.913615758900409,0.9508099464058242,1.762080430887384,2.044109979387474,0.8689869224199575,0.09436677805691558,1.3463735669736563,1.3462940214546135,0.0943617021704613,2.186963142746509,0.9200842335773143,6.447017073332298,5.069081094967502,1.3774916206868448,2.1548282120836006,2.913615758900409,2.044109979387474,0.8689869224199575,3.1606087588855574,1.5381761893439585,0.8037897290941086,-0.70350623195991,2.888436371838181,2.0076385350956873,0.8871367969380721,0.910381497952204,-0.0238183561537702,0.8687934165865003,0.7073526032732623,1.8074054364410483,2.514270658709962,-0.7516668362812686,0.8483767732296581,1.6236192379455914,0.7413397490752649,0.7623835352920152,0.18278148468273692,0.18794506156844545,0.5227305146383768,0.5375884532284495,0.21856567237341232,0.22475168755370797,0.2615694430072985,0.2690040515862311,0.2611370742859516,0.2685604553919233
38,62.017742775718574,55.47221541530188,6.543429731529692,3.4996558578937553,3.041375427051032,0.8693777483080816,2.6299739625042275,1.1891967201123428,1.4405122966804471,52.76459644468862,2.690920575044109,47.83505562621581,42.3463357930747,5.485047526817695,4.926720625241963,2.2976097514008136,2.629845372705929,1.4404270915704873,1.1891533470122935,6.7684349403645,4.589144773383399,2.179190808808949,3.203329966533496,1.3857456329897135,35.575220049007456,8.282360283486662,27.291828140457813,6.623582163973564,20.667844041700928,6.623007292729151,14.043325180706233,1.1486972128191644,12.893025578525975,6.446127586282156,5.068382224155616,1.3774226778844558,2.1546129558217064,2.91330970002922,0.9507148833139332,1.763206663678164,2.043988406112449,0.868956096789591,0.0943670457464046,1.3461026091091723,1.34602249726213,0.09436195568867525,2.18830488587052,0.9200053545469554,6.446127586282156,5.068382224155616,1.3774226778844558,2.1546129558217064,2.91330970002922,2.043988406112449,0.868956096789591,3.162790344354392,1.539213915704641,0.8043489120899225,-0.7039484893172804,2.890241811465561,2.0088851812524533,0.8877124073177858,0.9109763835788993,-0.02383233267371259,0.8694447298402883,0.7078275723399281,1.8085960227388997,2.515950936910544,-0.7521992965688878,0.8489467597615309,1.624731703168762,0.7412707737598635,0.7623029072685434,0.18278038540701266,0.18794091864658913,0.5226742011179168,0.537523736118841,0.21856545677253875,0.22474781007672304,0.26154475560980806,0.2689750742858573,0.26111259155974287,0.26853168016208867
39,62.01311515825924,55.46718778862109,6.542382013696239,3.4992528524527873,3.040483525000263,0.8689765352191081,2.629573674778654,1.1889862881725846,1.4401320665518516,52.758747462980985,2.6900974617422504,47.828262537749765,42.33914406619138,5.4828848135636195,4.925697891502688,2.2965717770992944,2.629446182372745,1.4400475400536916,1.1889433281338888,6.765942377335987,4.58752774011407,2.1782461247168072,3.202177665910054,1.385232474723839,35.568650948492206,8.278993333294219,27.287906173821185,6.621069659842948,20.666154063472252,6.62049648275683,14.04309107243201,1.148193779151643,12.892176177952727,6.445433724248488,5.0679759455920275,1.3769092030609007,2.154034885559111,2.9131574643409492,0.9506804097558843,1.7623667137946468,2.0436485811166047,0.8688793417043597,0.09432864595644129,1.3457287965602285,1.3456493286588742,0.09432358521608059,2.187297597186979,0.9199897276710012,6.445433724248488,5.0679759455920275,1.3769092030609007,2.154034885559111,2.9131574643409492,2.0436485811166047,0.8688793417043597,3.1612800384081186,1.5384916640190893,0.8038776017834953,-0.7036865871816961,2.8888974166784056,2.008034279890232,0.8872235265372573,0.9105906335904396,-0.02393029146110362,0.8690482130584036,0.7075421705565289,1.8076671071713288,2.51477052543799,-0.7519223148678086,0.8483993699136582,1.6238909434451587,0.741234692082161,0.7622502669720097,0.18278204174314033,0.18793924397881773,0.5226128933448242,0.5374497568426441,0.21856868388637954,0.224747107958168,0.2615077675664919,0.26893171050254083,0.2610761657432413,0.26848891076267006
40,62.005422813746854,55.46023437033831,6.542637356034618,3.4990628269851,3.0410986459533302,0.8692882086382367,2.6293465805236007,1.1889655564467079,1.4400594602613201,52.75235445210803,2.690665285479642,47.82286979330149,42.33532138859665,5.483073858227865,4.926048389459294,2.297435734958761,2.629218343472225,1.4399744867649147,1.1889222988828856,6.766150135641592,4.5876016653645335,2.178427505136379,3.2022384669694692,1.3852789829566565,35.56590480827457,8.279376768737423,27.285271037741033,6.6211687396504715,20.66361254499577,6.6205952315479895,14.04117547785927,1.1482946534549936,12.890928319319928,6.444994796930632,5.067657390631556,1.3769442581366695,2.154034011560622,2.913063763308268,0.9506880914327202,1.763004379580284,2.043700044499585,0.8689199636088921,0.09433459428196966,1.3456732988925126,1.3455933986651958,0.09432951862811388,2.188036616039946,0.920009096783701,6.444994796930632,5.067657390631556,1.3769442581366695,2.154034011560622,2.913063763308268,2.043700044499585,0.8689199636088921,3.162514850609935,1.5390609686806462,0.8042026391531463,-0.7038995947113824,2.8898998332092587,2.008755413089181,0.8875259343909407,0.910937596407045,-0.02396672193493754,0.8694221428540317,0.70780416708576,1.8083708529559634,2.5157535079973212,-0.7522218189457822,0.8487233210144209,1.6245148189676815,0.7412472535050499,0.7622547514147457,0.18280038290912617,0.18795559085345642,0.5226178384731149,0.537448907137072,0.2185916331612366,0.2247676655031064,0.26151443560383897,0.2689354656968739,0.2610829775196244,0.26849280946963383
41,62.00157748188666,55.45768233404574,6.540905790797528,3.4986397649201173,3.0397160251563045,0.8686461981034413,2.62944479124299,1.1890190723511853,1.4400464956560017,52.75050942558503,2.689465040522275,47.821848021341474,42.334122417886135,5.482475670966135,4.924629721215098,2.2957914621255173,2.6293174011771234,1.4399620308964618,1.1889761286190872,6.7654651423840635,4.587188474753967,2.1781347493312535,3.2019479299701703,1.3851416117405098,35.56482476647062,8.278417732375916,27.28493210528958,6.620513891627059,20.663843528587734,6.619941270463792,14.041741031791826,1.1481369198852893,12.891312867101613,6.445105547917442,5.067826261666244,1.376817685591665,2.1539576445981927,2.9132107008246484,0.950775363669531,1.7617261230758343,2.043722365941602,0.8689640052349696,0.0943269366057805,1.3456582222558908,1.345578798466708,0.09432188732482781,2.1864666006562072,0.9201025257475696,6.445105547917442,5.067826261666244,1.376817685591665,2.1539576445981927,2.9132107008246484,2.043722365941602,0.8689640052349696,3.160212092245426,1.53792780759608,0.8035863715658931,-0.7033803384799543,2.887775739179807,2.0073496608505184,0.8868148783248487,0.9103123396564035,-0.024045770078277948,0.8687580857405642,0.7072858133122153,1.8070460933757548,2.513940894796493,-0.7517165049324813,0.8480298466477827,1.6232924802895656,0.7413116987973016,0.7623136739065741,0.18282358326197415,0.18797768944657475,0.5226472264008984,0.5374739731675263,0.21862011722998478,0.2247948566847535,0.26152721209047525,0.2689460441949531,0.26109598057172834,0.2685036272396215
42,61.99719238685791,55.45408298860016,6.540944751175654,3.4986220491162587,3.039913737987943,0.8687353136048114,2.6295652939499603,1.189146274484695,1.4401472569295437,52.747639507870154,2.689672784287287,47.819959316690785,42.33327304744999,5.482895293955817,4.924768887945756,2.296047151415238,2.629437483739667,1.440062541721775,1.1891031791158906,6.765929457255544,4.587491254227572,2.1783356566827594,3.2021756784554123,1.3852441880029271,35.564576112861786,8.279088795351845,27.28442232470525,6.620985456620374,20.663021930871366,6.620412744595529,14.041048702979149,1.1482447327886067,12.891149700847858,6.445177182569594,5.067916528626588,1.3769275808398458,2.15411947004311,2.9133231070787473,0.9508588751549089,1.7619302944303967,2.043897139623516,0.8690506359025654,0.09433626931273274,1.3457675072458097,1.345687849147852,0.09433120888737505,2.186682620666383,0.9201911503788475,6.445177182569594,5.067916528626588,1.3769275808398458,2.15411947004311,2.9133231070787473,2.043897139623516,0.8690506359025654,3.1606090614495237,1.538093084853645,0.8036985755732129,-0.7034127741741503,2.8880766733288135,2.0075951967892727,0.8868883484817567,0.9104330726507794,-0.024085421346055774,0.8688831102065379,0.7073629491661055,1.8073002308019954,2.5142866039866663,-0.7518114208488996,0.8481346965263383,1.6234872812984915,0.7413822203286949,0.7623809357577271,0.1828513988132204,0.18800479684093713,0.522696223700094,0.537520650599684,0.21865406684046515,0.2248279641690025,0.2615550773841148,0.2689727801553019,0.2611239063350864,0.2685304247432605
43,61.99617538516276,55.45493826696534,6.539346674131781,3.4983588171019577,3.0386266427945037,0.86812099153687,2.629991733145972,1.189366812917264,1.44038936354182,52.749899930329875,2.6885850607777604,47.8238078364439,42.33698079470159,5.483521192852001,4.923553303222114,2.2944816972951876,2.6298644003129032,1.440304919313804,1.1893238908289103,6.7666688451842285,4.588014740469668,2.178564632257008,3.202551744688072,1.3854007094844991,35.567898651309996,8.280022320001125,27.28694765922119,6.621768283869262,20.664817553632897,6.621195709059905,14.042261129875213,1.1483642323402117,12.892454444388308,6.445880490910904,5.0684926589869015,1.3770974623392966,2.1544092527538785,2.9136706357824993,0.9510155242042722,1.7607297088558156,2.044172492449296,0.8691724182138371,0.09435149357180045,1.346000396921438,1.3459209877592635,0.09434645128920424,2.185194264503313,0.9203436959294251,6.445880490910904,5.0684926589869015,1.3770974623392966,2.1544092527538785,2.9136706357824993,2.044172492449296,0.8691724182138371,3.158449417123048,1.537018939383467,0.8031573704262127,-0.7028828219481086,2.886056010469739,2.0062367139859143,0.8862332297959133,0.909833016436706,-0.02413451496164684,0.8682379732915402,0.7068463373832597,1.8060903118496514,2.5125808788040125,-0.7513077965242995,0.8475350287557818,1.6223623651720942,0.7415049535227924,0.7625069772247297,0.18288473720174625,0.18803882964454105,0.5227831621415562,0.5376099592833178,0.21869415966804312,0.2248688874847127,0.26159976379085187,0.26901862387409203,0.2611685421071394,0.26857621477914906
44,61.99627617997561,55.45550460053769,6.539362487494285,3.4985203465405523,3.0385633819049422,0.8680643254739953,2.6303423182130876,1.1895713870098066,1.4405955261430863,52.75103955252075,2.6885595034566783,47.8255360230583,42.339015921056266,5.484065682954987,4.923618649089172,2.2943345123714023,2.6302148741058873,1.4405110193776356,1.1895284439416365,6.767286658319439,4.588458013986866,2.178762103838145,3.2028770626830703,1.3855346371816206,35.56993740773921,8.280834752216569,27.28841311737591,6.622457037283083,20.665687428233884,6.621884535954951,14.042792557756,1.148467632399845,12.893253843827303,6.4463694460415235,5.0689062467351755,1.3772475572241478,2.154664825559297,2.9139346864469546,0.951141163859327,1.7606392623578107,2.044412549098306,0.8692796179051793,0.09436210793969015,1.3462054362510094,1.3461259757087733,0.09435705966286016,2.1850621842653957,0.9204683650282128,6.446369446041514,5.068906246735155,1.37724755722415,2.1546648255592977,2.9139346864469466,2.04441254909831,0.869279617905174,3.15827858257106,1.5369170323121255,0.8031217048347898,-0.7028070081047125,2.8858872705025225,2.006153540123678,0.8861593650203636,0.9097961616428738,-0.024166150827637886,0.8681917557698318,0.7068003700787774,1.806027948954297,2.512481925986894,-0.7512650506059058,0.8474904844891183,1.6222684099140303,0.7416060123408582,0.7626090763020815,0.18291417200738744,0.18806865222374944,0.5228557497071917,0.5376833110012345,0.21872966283975348,0.22490486547141644,0.2616379404797157,0.26905723409577964,0.26120670444079586,0.2686148120603703
45,61.99850734195842,55.45942153398935,6.5383194753932115,3.4984771145009406,3.0376741738628916,0.8676203231446512,2.630919923923266,1.1898632004321805,1.4409662333438589,52.756422595360675,2.6878287379874304,47.83252189025534,42.345786677780445,5.485417999340911,4.9228890597487425,2.293209882910514,2.6307926099059475,1.4408817835089769,1.189820300983712,6.768878290133813,4.589533609441687,2.179308824807946,3.2036433004184337,1.3858654408320126,35.57594677665022,8.282897398718505,27.292679427549487,6.624082065478339,20.66845324592019,6.623509172136354,14.044402100461882,1.1487563637131275,12.895071324994355,6.447397667537191,5.069693319196589,1.377588946416369,2.1551532171432837,2.9143771832784497,0.9513205564296863,1.7597842802689119,2.044816425278294,0.8694355599530678,0.09439007578321569,1.346562424477768,1.34648300846618,0.09438503623026999,2.183993818983301,0.9206373268278154,6.4473976675372064,5.06969331919658,1.377588946416366,2.155153217143283,2.9143771832784613,2.0448164252782868,0.8694355599530649,3.1567474809927294,1.5361489286130507,0.8027594323796031,-0.7024063476272167,2.8844358259006357,2.0051655285728582,0.8857012176811219,0.9093623825195396,-0.02418645147321758,0.8677207892745257,0.7064158818340313,1.8051884898512716,2.511268025274604,-0.7508908568876377,0.8470947844107856,1.6214833991200512,0.7417488350112728,0.7627605885393521,0.18294874897219573,0.18810502617832747,0.5229672970397968,0.5378013128483462,0.2187708471972868,0.22494818302005193,0.2616965664802562,0.2691190702160821,0.2612651048571761,0.2686764098257647
46,62.00260763778968,55.463544310258925,6.538424874608734,3.498776187896119,3.0375025320209907,0.8674973422552336,2.6313768382596687,1.1900862276207012,1.4412131961682078,52.76082116401687,2.6876990349638175,47.837007860877414,42.349920796521154,5.485995917052512,4.922975361740078,2.2928756934980234,2.6312496374155288,1.4411288188032596,1.1900433967892854,6.7695521283982165,4.590031839271903,2.1794904722984603,3.2040023295913653,1.3860087679362745,35.579571950658845,8.283732436156487,27.295532941272917,6.62484553275364,20.670567968215263,6.624272793856641,14.045845999174484,1.1488498952480677,12.896519885655733,6.448145464700522,5.070300039324386,1.3777495527889299,2.155440113167686,2.914723669656511,0.9514587529437758,1.7595507523597373,2.0450725568018613,0.8695437797666357,0.09440045970861666,1.3468004741043043,1.3467211361302385,0.09439541878263064,2.1836986772077895,0.9207702800883683,6.448145464700529,5.070300039324393,1.3777495527889323,2.1554401131676824,2.9147236696565155,2.0450725568018626,0.8695437797666349,3.1563022576719173,1.5359233497975557,0.8026493267254944,-0.7022898239672712,2.8840447740232356,2.0049181201829285,0.8855626578463889,0.9092458348173652,-0.02420572258676219,0.8675899605281882,0.7063122870021924,1.8049634229855884,2.510943700551439,-0.7507824181301183,0.8469772779047681,1.6212515695653096,0.7418573178625332,0.7628730349844707,0.18297498541005672,0.18813236300336897,0.5230460329439155,0.53788290051764,0.21880220929747143,0.22498087401032926,0.26173634331226375,0.2691603256498911,0.2613048161109291,0.2687176008320024
1,61.73347018431412,53.99974928074739,8.062301827472114,2.82900064385548,5.285982851187247,0.30283424744221304,2.6180056517536663,1.2076568533461438,1.4611543454984603,49.797137435088246,4.552574856196688,46.9205846453761,41.851765507455596,5.650722349870104,3.323172991164994,0.8005717627535277,2.6184346852885283,1.4613788931557519,1.2078682950621826,6.944494310111914,4.717160058365579,2.243083169557178,3.3005322667689927,1.4277185480402212,35.332369675610586,8.533362417357273,26.962730483877728,6.828904368908999,20.19763738921291,6.828265682843601,13.609292932779887,1.1833980529686952,12.680248282372242,6.401326125778125,5.033859890717876,1.4189653370061432,2.2119548760209433,2.8981879809297535,0.9606650329246781,3.667964860333544,2.0850766239349916,0.884544320652213,0.09657919858910552,1.3743198382645918,1.3745308629306578,0.09659126224892596,4.372765848330572,0.9272075977747299,6.4013261257781275,5.033859890717848,1.4189653370061446,2.21195487602093,2.898187980929781,2.08507662393499,0.8845443206522181,1.121432729376661,0.4797246190482657,1.001816039462298,0.5356784670391979,3.852367957548862,2.629209201669298,1.2374909477362803,1.198055734845261,0.04087242163677088,1.178553474635358,0.8675230926288859,2.3870714801485033,3.257474801149661,0.4260931693901233,1.0524036154022824,0.6355523172990606,0.7491824224056302,0.7724020066048988,0.18706956224937918,0.19238013601764006,0.531872762689567,0.5477634270623671,0.22371662400570622,0.23006978358399582,0.2680971383003149,0.2757781288997453,0.26764240290844526,0.275312105197035
2,62.1299211975223,54.5582295513255,7.597880748144454,2.8608860345537868,4.738297466463719,0.26538877395229327,2.602799745556279,1.1811619506194453,1.42489594201831,50.492487386045646,4.073919672566289,47.22960427922876,41.840579716321706,5.435337742379793,3.2984728530254963,0.7033621791929676,2.6030057732297904,1.4249909981617865,1.181269770878397,6.704755223743349,4.546138839843178,2.1598636030979486,3.1741843581477713,1.3728263306560258,35.16960287199233,8.20789801339208,26.974697268300737,6.564975816042378,20.41478311079508,6.56441203381908,13.869404427477226,1.1385546073724155,12.751029502430084,6.38036843911842,5.018733924891355,1.365705347637825,2.1385158705211293,2.8860532552146974,0.9402783996028363,3.1828216402566287,2.027895090799007,0.862882775814211,0.09305024312732306,1.3323579886414088,1.3324450411180204,0.09305778460804566,3.810312129557704,0.9103081817424239,6.38036843911844,5.018733924891365,1.3657053476378214,2.138515870521133,2.886053255214721,2.027895090799016,0.862882775814217,0.9697495664803292,0.41510188248670965,0.8864402235733738,0.48381508378012966,3.3257146293469058,2.2700759694069967,1.0666848513256801,1.0361471389766712,0.03129664894757549,1.007717687004291,0.7451863343792074,2.046358565744478,2.7959420141653033,0.3881101914855706,0.9278309179238897,0.5483652879814797,0.733217208091456,0.7537195464456607,0.18141576626883524,0.1864677488963228,0.5166176691278785,0.5310807422261092,0.21697476221362144,0.22302882852872416,0.2586176240999807,0.26585856599757307,0.2582001904951932,0.26543051722307576
3,62.18475421785297,54.6851937198428,7.514226747999167,2.8535942191430537,4.660017400880241,0.26050164065013903,2.5972402675136017,1.176431303128523,1.422662323396714,50.675559682414054,4.00506644474379,47.4128414210322,41.98974216949267,5.449074467170376,3.282669770457191,0.689842078366627,2.5974535265037315,1.4227638115456023,1.1765425792796997,6.7219956593494175,4.558430915907937,2.1642639851432004,3.182427977373862,1.3764903212044097,35.28670267792891,8.22787362009561,27.06612284233821,6.58115354170513,20.487811009851335,6.580587855708924,13.91790953747633,1.1408211677490545,12.788415937103345,6.396931128754894,5.030358557635034,1.3688543323766749,2.1416580900385678,2.8919603599030377,0.9383081042045034,3.1150141133457363,2.031042504231582,0.8635407154261482,0.09310083050224527,1.3298574018102043,1.3299517327199362,0.09310790163655709,3.7326077096704458,0.908143839722004,6.396931128754882,5.030358557635051,1.3688543323766686,2.141658090038564,2.891960359903046,2.0310425042316025,0.8635407154261444,0.950757204772515,0.4069048379497484,0.8671260587798071,0.4724000242160376,3.2590195982568138,2.2276276713968377,1.0421202210558873,1.0140307301668114,0.028812984201419083,0.982078254941671,0.7280752075450371,2.0037406829682123,2.7360862900756153,0.3797909140585193,0.909092149395333,0.5378121488789337,0.7316496987483283,0.75231068146075,0.18068413258530305,0.18575613268886526,0.515793305216022,0.5303818688450209,0.21607338660536865,0.22214985257232278,0.2581672217259616,0.26546816794023725,0.25774319228985726,0.2650330678973212
4,62.22784799534624,54.73306781830593,7.504116244002877,2.853148579180655,4.649447698635061,0.25986953516591094,2.5959635190939245,1.175063215124879,1.4220845074524326,50.72726064034299,3.9952267678872166,47.45884421805757,42.02522336810097,5.450173982494141,3.2811290376824114,0.6880622328096746,2.596174070986239,1.4221845963740922,1.1751736190264195,6.723987754130111,4.559670617337536,2.164762615713845,3.1831480471683813,1.3768328530971088,35.31331797085647,8.229445788483146,27.088521759314602,6.582395302621871,20.50793803699034,6.581828119108286,13.932922897841793,1.1410846506268237,12.79906025578606,6.401266229210594,5.033695378158802,1.3690250495832141,2.1419543697363026,2.893812632590831,0.937938861050434,3.1051755848119136,2.031653707872849,0.8638076740213242,0.09309582178780944,1.3291779987809442,1.3292711080541169,0.09310278794152689,3.7218013366475424,0.9076968419760919,6.401266229210555,5.033695378158774,1.3690250495832108,2.141954369736302,2.8938126325908264,2.031653707872847,0.8638076740213176,0.9480420413976625,0.40561824205428904,0.8636276540400059,0.47008926797523165,3.2502827030535957,2.2222652633611664,1.0386385050512073,1.0107694781435355,0.0285609095314752,0.9779818166470313,0.7254052783062933,1.9981358943820826,2.727740795416796,0.3780830455244355,0.9061047639889722,0.5365479101426336,0.7313378231595462,0.7520560084407408,0.18048697805533462,0.1855713253661141,0.515646599513762,0.5302755487440346,0.21583052384843432,0.22192163051184396,0.2580735175119126,0.2653940290562501,0.25764832681159583,0.2649577645037639
5,62.261990211717865,54.76314260330725,7.504875249834368,2.8536563827064954,4.649132959753584,0.25993063614782813,2.5955013767225386,1.1744810485444317,1.4217864290963977,50.7541530041903,3.9946476605769523,47.4806233056977,42.041136531031775,5.45018835808936,3.2817480807289736,0.6882006671641069,2.595710946042568,1.4218860131948294,1.1745910416565888,6.724423665241637,4.559802856097071,2.1649086769277766,3.183130455621232,1.3768728739047522,35.32452440334884,8.229528809977282,27.098001784883504,6.582194581060291,20.516978499152568,6.581626618342202,13.939756973585714,1.1411661622178897,12.803260425535202,6.40275273823277,5.03475778599841,1.3689351298735166,2.1417404423304447,2.894355467076107,0.9378524782636316,3.104452767362349,2.0316147163997327,0.8638017334027006,0.09309337663432958,1.3288155409110485,1.328908174964945,0.09310032597507976,3.7212067323501774,0.9075842822965564,6.4027527382327865,5.03475778599842,1.3689351298735175,2.1417404423304407,2.8943554670760956,2.0316147163997424,0.8638017334026994,0.9480457056617845,0.40557525943944167,0.8632531525646249,0.4697125189889046,3.249902932059629,2.2219807051513185,1.03848966649103,1.0104730558581247,0.028686163096753387,0.9775141797017528,0.7250947330949165,1.997905738216341,2.7271568027075292,0.3778004087335191,0.9059481842353881,0.5367027230474867,0.7312527181321701,0.75198718386316,0.18042125810422618,0.18550995424030053,0.5155931446836228,0.5302323487616372,0.21574983401856834,0.22184615821654446,0.2580336401858278,0.265359048611997,0.25760826117683117,0.26492261056453315
6,62.2867949556834,54.78390422891074,7.506758341428352,2.854187217207463,4.650114887696705,0.2600642338849483,2.595305128423676,1.1741751634523863,1.4216226621093857,50.7717596148005,3.9953410536368925,47.494529056395706,42.051217470112505,5.4501921842780625,3.2825145297352223,0.6885472921927751,2.595514420415214,1.4217221004073954,1.174285030196785,6.724705208273779,4.55987256637176,2.1650175843826283,3.183104347139506,1.3768970143779216,35.331534697730746,8.229591637315712,27.103875927907193,6.582031032522564,20.522597999502036,6.581462601086372,13.943967749153643,1.1412272179903329,12.805742956082012,6.403593229045028,5.0353270423059735,1.3688706860430324,2.1415635460902758,2.8946236364134874,0.9378415630907221,3.10500488668082,2.031537482100394,0.8637674228836996,0.09309375671699954,1.3286076894133572,1.328700180682054,0.09310070480801583,3.7219623747067234,0.9075627851266016,6.403593229045006,5.035327042305949,1.3688706860430369,2.1415635460902696,2.8946236364135096,2.031537482100398,0.8637674228836965,0.9483967955551925,0.405713877927239,0.8634248356665958,0.46972056496494013,3.250542742352419,2.222306287237885,1.0387720148414867,1.0106015700719675,0.02882521776945107,0.9776128324066445,0.7251484993422137,1.9983312327758438,2.727608943793708,0.37780472315926417,0.9062126006133323,0.5369850731155466,0.7312319669766599,0.7519717621128978,0.1803956273779574,0.1854857967056699,0.5155717034235635,0.5302140517113751,0.21571835503110715,0.22181644619582003,0.2580142558146555,0.2653411234958733,0.25758882868076044,0.2649046406511747
7,62.304398270103164,54.79850203194522,7.508344323956257,2.8546130534625065,4.651031473122131,0.2601728872021435,2.5952322688021163,1.1740049553493002,1.421540245847157,50.78403521357051,3.9960442127501055,47.50425972447841,42.05836135314113,5.450267816930063,3.2831310111409215,0.6888316391717778,2.5954414746586485,1.4216396314659117,1.1741147854413558,6.7249814479265,4.559977844178563,2.165120900670505,3.183128263103394,1.376931272773889,35.33656929345446,8.229746017808491,27.10805071819202,6.582007935513605,20.52652103519654,6.581439196357668,13.94688051250474,1.1412841684908763,12.807503005965176,6.404209844638845,5.035747645871111,1.3688460802483458,2.1414704201451316,2.8948234102324446,0.9378569982539868,3.10559266782538,2.03150533843571,0.8637505552450553,0.0930956592397069,1.3284946331406533,1.3285870704400358,0.09310260845843378,3.722708121708881,0.9075726368380077,6.404209844638855,5.03574764587112,1.3688460802483522,2.141470420145111,2.8948234102324624,2.0315053384356996,0.8637505552450578,0.9487048752742687,0.405843365061343,0.8636371390621059,0.46978856327153523,3.2511492971589986,2.2226287992382723,1.039036226463158,1.0107548023913837,0.02892666252129568,0.9777647307387534,0.7252392293637222,1.9987320283630543,2.7280836038171357,0.3778547382826478,0.9064704892540096,0.5372080580763102,0.7312358293888364,0.7519780530400825,0.1803853147595954,0.18547607695977414,0.515567149219466,0.5302109704338974,0.21570559599876907,0.22180439278013983,0.2580062733164638,0.2653338126799836,0.25758081948397743,0.2648973025125791
8,62.3171117946403,54.809066746741344,7.509557817487901,2.854948158045584,4.651749302824984,0.2602514101595139,2.5952318562337813,1.1739155118284277,1.421510811513115,50.79296512009262,3.996611656845133,47.51144680056766,42.06375443678556,5.450407214157857,3.283603193549099,0.6890373650646701,2.5954410327521122,1.421610173870718,1.1740253324542531,6.725274330174209,4.560122005242242,2.165225048782523,3.183196172041008,1.3769764885544573,35.34046168621904,8.229983447183576,27.111240869495457,6.582100153011038,20.52943786618771,6.581531206189119,13.94902423039918,1.1413406918150748,12.808868186338856,6.404718870059551,5.036105084269742,1.3688522979306053,2.1414436548965954,2.8950007768101607,0.9378849910175934,3.1060672552430524,2.0315166372210713,0.8637528377150243,0.09309854082721943,1.3284433786083643,1.3285357910511564,0.09310549133123837,3.7232957915309717,0.9075968844353273,6.404718870059544,5.03610508426973,1.3688522979306064,2.1414436548965865,2.895000776810147,2.03151663722106,0.8637528377150253,0.948933347099503,0.4059407037430703,0.8638097312685564,0.4698550936297512,3.2516234651398706,2.222889459686955,1.0392374494438634,1.0108820406145966,0.028994614707261883,0.9778968378483128,0.7253201578639128,1.9990446329352722,2.728466979300329,0.3779044068563952,0.9066689258607141,0.537366718090183,0.7312522189227229,0.7519960859938118,0.1803824727058696,0.18547358719223375,0.5155732283244578,0.530218117654482,0.2157019457103169,0.22180115933363403,0.25800555401943764,0.2653335873041515,0.2575800774122099,0.26489705301053146
9,62.326679065374876,54.81706808943808,7.510504944925144,2.8552231503423138,4.652315151259137,0.26030781433369593,2.5952804288677296,1.173878744297717,1.4215177747946328,50.79980146552192,3.9970700262622834,47.51706971530765,42.06809110514583,5.450598787951044,3.283975968996661,0.6891850122625791,2.5954895990785816,1.421617127582742,1.173988565561243,6.7255909187316005,4.560300642906608,2.1653335097229336,3.183299225001096,1.3770315395464119,35.34368268550567,8.230290633689147,27.113847163509526,6.58228093903849,20.531743556881345,6.5817118490704,13.950698661404635,1.1413988999281626,12.810006725278358,6.4051733089281475,5.036434246437168,1.3688813971172382,2.1414652323064334,2.8951715233337434,0.9379212255295686,3.106447856348255,2.0315616349422343,0.8637702556123835,0.09310218196350242,1.3284341712388683,1.3285265726958675,0.09310913362381976,3.7237580053918298,0.9076301433111116,6.405173308928147,5.036434246437188,1.3688813971172507,2.1414652323064294,2.8951715233337323,2.0315616349422214,0.8637702556123859,0.9491007341191272,0.40601195866502937,0.8639434749431031,0.4699127809157297,3.2519969040675414,2.2231032353339946,1.0393897552316977,1.010986402162047,0.029038846115383724,0.97800761847379,0.7253897295041511,1.9992903321558195,2.7287765374561186,0.37794805404379583,0.9068186845186176,0.5374791946283622,0.7312768194549489,0.7520221390898405,0.18038409334597813,0.18547551266095785,0.5155868073280147,0.5302326845170362,0.21570372964540913,0.22180330454969943,0.2580098600919333,0.26533836121777904,0.25758436111006333,0.2649018032482063
10,62.33424143224362,54.823444905325736,7.511279435421825,2.8554608601520988,4.652781265857447,0.2603494194366693,2.5953636076579794,1.1738775080435657,1.4215501272945614,50.805321702467644,3.997456738177625,47.52172234175048,42.071784484237824,5.450830860943257,3.2842851435155005,0.6892937347238071,2.595572783088012,1.4216494782231606,1.1739873346549765,6.725930780793184,4.560507206860542,2.165447217875122,3.183429058037079,1.3770946300554132,35.34650538476679,8.230652966983426,27.116103249066615,6.58252752482393,20.533673463671203,6.581958333308554,13.952082745527429,1.1414594825191644,12.811012907744043,6.405600119565474,5.0367514554273995,1.368927108626606,2.141521211919837,2.8953418534736066,0.9379636062297064,3.1067661297572697,2.031631428910226,0.863798836297802,0.09310641825545324,1.3284539650274418,1.3285463634074641,0.09311337094307844,3.724137163162248,0.9076699180541659,6.405600119565423,5.036751455427422,1.3689271086266115,2.141521211919832,2.8953418534735915,2.0316314289102224,0.8637988362978076,0.9492269622513088,0.4060653166085806,0.8640497846190645,0.4699635271206303,3.2523046599469407,2.223287139234403,1.039509512644358,1.0110756439818402,0.029067186951104076,0.97810402356172,0.7254517217530629,1.9994923705809848,2.7290378232953447,0.3779869467014305,0.9069353304637785,0.5375609719987139,0.7313073764315206,0.7520541205812658,0.18038867915413395,0.18548040739957203,0.5156058369348275,0.5302527021307647,0.2157091209263006,0.22180906341272993,0.2580177292643409,0.2653467071450954,0.25759220755692686,0.26491012532040015
